graph,method,mean_mae,median_mae,std_mae,count
aew__k4_sigma_corr0_5_sigma_dist1,gsmooth,0.17059402671534768,0.1728892584443448,0.09141259980355136,4
aew__k4_sigma_corr0_5_sigma_dist1,heat_diffusion_temporal,0.16841900848270752,0.16778598002255146,0.0864469211397339,4
aew__k4_sigma_corr0_5_sigma_dist1,linear,0.2069072286608685,0.21716253692713083,0.114200772287682,4
aew__k4_sigma_corr0_5_sigma_dist1,mean,0.16333732965906853,0.1666752556701991,0.09067871553671522,4
aew__k4_sigma_corr0_5_sigma_dist1,nearest,0.21614387220179646,0.2343658124430264,0.1196121130428215,4
aew__k4_sigma_corr0_5_sigma_dist1,trss,0.17532254323085442,0.17245545179434305,0.08426229705399842,4
gaussian__sigma1,mean,0.16333732965906853,0.1666752556701991,0.09067871553671522,4
kalofolias,directed_tv,0.16647998253962665,0.16637437272811675,0.08669506466082974,4
