comparison,tv_median,instant_median,u_statistic,p_value,decision,gain_pct
TV_vs_Instant,0.44411419418898884,0.4982126309104414,63.0,0.4045321734406632,NO-GO,10.858503651862906
