comparison,tv_median,instant_median,u_statistic,p_value,decision,gain_pct
TV_vs_Instant,7.540849414810547e-06,9.398430351322876e-06,21135.0,3.614213918913266e-10,GO,19.764799727976552
