comparison,tv_median,instant_median,u_statistic,p_value,decision,gain_pct
TV vs Instant,3.534849221327376e-07,4.933928211214316e-07,364.0,0.0001228647240360454,GO,28.3562899579077
