method,mae_mean,mae_std,mae_median,time_mean_sec
trss,3.680967528144672e-06,3.619553886372564e-08,3.699080961233094e-06,0.020765666666799614
