method,mae_mean,mae_std,mae_median,time_mean_sec
trss,4.3672897056281516e-07,3.014416902975447e-07,2.464583476135265e-07,0.018248600000838958
