method,mae_mean,mae_std,mae_median,time_mean_sec
trss,8.60450852379548e-07,5.764234588468592e-07,5.013098414298523e-07,0.018882933333063394
