method,mae_mean,mae_std,mae_median,time_mean_sec
trss,2.473601496055864e-07,9.80128218424663e-09,2.464583527450304e-07,0.016151483333487704
