method,mae_mean,mae_std,mae_median,time_mean_sec
trss,3.2570846800769805e-06,9.676073640291074e-08,3.240140173043936e-06,0.020633383331490524
