method,mae_mean,mae_std,mae_median,time_mean_sec
nearest,5.137719048394098e-07,1.6031446318678008e-08,5.150222778320313e-07,0.0048933833350019995
