method,mae_mean,mae_std,mae_median,time_mean_sec
tv,0.07972485295747304,0.00270379323485592,0.08042916733955838,0.2440335666675916
