method,mae_mean,mae_std,mae_median,time_mean_sec
tv,9.21239278145958e-06,1.3075399111494195e-07,9.222221011687934e-06,0.21784655000131656
