method,mae_mean,mae_std,mae_median,time_mean_sec
tv,4.080253309409617e-06,9.309810773412022e-08,4.0507045831209565e-06,0.2246801666636505
