dataset,graph,method,missing_ratio,seed,mae,rmse,snr,dtw,params,error,n_missing_ch,time_sec
movielens_graph_signal,knn__k5,tv,0.2,0,0.032662283085120904,0.3146291787425483,-inf,1.2507038368219165,"{""lam"": 0.2, ""n_iter"": 30}",,5,0.17222289999335771
movielens_graph_signal,knn__k5,tv,0.2,1,0.03625090113514854,0.3932019668076318,-inf,2.1124716659138674,"{""lam"": 0.2, ""n_iter"": 30}",,5,0.16217210000468185
movielens_graph_signal,knn__k5,tv,0.2,2,0.03366984935539941,0.37365291255549,-inf,2.31965424805606,"{""lam"": 0.2, ""n_iter"": 30}",,5,0.16167060000589117
movielens_graph_signal,knn__k5,tv,0.2,3,0.03670198650802576,0.3995577471620746,-inf,2.096533319939582,"{""lam"": 0.2, ""n_iter"": 30}",,5,0.1641964000009466
movielens_graph_signal,knn__k5,tv,0.2,4,0.040857132453903024,0.45307839857766113,-inf,3.6112809801575083,"{""lam"": 0.2, ""n_iter"": 30}",,5,0.1608972999965772
movielens_graph_signal,knn__k5,tv,0.2,5,0.037264309677733,0.46238170863350314,-inf,1.950295155067552,"{""lam"": 0.2, ""n_iter"": 30}",,5,0.15730530000291765
