method,mae_mean,mae_std,mae_median,time_mean_sec
tv,8.95761938941095e-06,1.2902180465326781e-07,8.966310002384621e-06,0.19548916666705432
