method,mae_mean,mae_std,mae_median,time_mean_sec
nearest,9.097396002875433e-07,1.8530983113871645e-08,9.149201711018879e-07,0.006839883333062365
