method,mae_mean,mae_std,mae_median,time_mean_sec
trss,88.24397276966123,0.7322004004072844,88.13794622165581,0.022775599997354828
