method,mae_mean,mae_std,mae_median,time_mean_sec
heat_diffusion_temporal,3.7930742386413095e-06,2.4320677463152852e-06,2.401979075896678e-06,0.04606219444435232
