method,mae_mean,mae_std,mae_median,time_mean_sec
directed_tv,4.279798392839587e-06,1.7535342486231521e-06,5.021075827388444e-06,0.46154871666739283
