method,mae_mean,mae_std,mae_median,time_mean_sec
tv,32.635985769674804,0.9336612706469671,32.53023407576073,0.16622325000086371
