method,mae_mean,mae_std,mae_median,time_mean_sec
tv,0.0797207651929091,0.002790599295679565,0.0804338283060452,0.1584638333345841
