method,mae_mean,mae_std,mae_median,time_mean_sec
trss,3.5254187107027486e-06,2.6507404466246227e-06,2.7956541083374627e-06,0.021053550000033283
