method,mae_mean,mae_std,mae_median,time_mean_sec
trss,2.212342311054245e-06,1.2879695454095658e-06,2.0774454622890332e-06,0.022211141667867196
