method,mae_mean,mae_std,mae_median,time_mean_sec
tv,9.20412784908042e-06,1.306226173271037e-07,9.213993655743054e-06,0.21034268333460204
