comparison,tv_median,instant_median,u_statistic,p_value,decision,gain_pct
TV_vs_Instant,0.2772764551908207,0.16251567818024074,3704.0,0.787134111700247,NO-GO,-70.6152035887286
