comparison,tv_median,instant_median,u_statistic,p_value,decision,gain_pct
TV_vs_Instant,0.0728598796223317,0.038553250517271376,2522.0,0.6970092532547034,NO-GO,-88.98504962555981
