method,mae_mean,mae_std,mae_median,time_mean_sec
nearest,5.129241943359375e-07,8.541761298207815e-09,5.129241943359375e-07,0.0044384499997249804
