method,mae_mean,mae_std,mae_median,time_mean_sec
trss,0.10335195355632718,0.006660533443212587,0.10335195355632718,0.002750999999079795
