method,mae_mean,mae_std,mae_median,time_mean_sec
tv,0.06419082848969318,0.0014684270182367168,0.06419082848969318,0.21845089999987977
