method,mae_mean,mae_std,mae_median,time_mean_sec
trss,63.11397467624515,0.6966967319885673,63.11397467624515,0.0187135500000295
