method,mae_mean,mae_std,mae_median,time_mean_sec
tv,61.66867708902964,1.1889481202551053,61.66867708902964,0.22126030000072205
