method,mae_mean,mae_std,mae_median,time_mean_sec
trss,1.0769100961634445e-06,2.2466492592483783e-08,1.0769100961634445e-06,0.018782500000270375
