method,mae_mean,mae_std,mae_median,time_mean_sec
tv,0.03447308487041112,0.0025027160919346204,0.03447308487041112,0.21397875000093336
