method,mae_mean,mae_std,mae_median,time_mean_sec
nearest,9.117539723714192e-07,4.194454363804101e-09,9.117539723714192e-07,0.006846350000159873
