method,mae_mean,mae_std,mae_median,time_mean_sec
trss,5.189835395589195e-07,1.970347580786087e-09,5.189835395589195e-07,0.017988900000091235
