comparison,tv_median,instant_median,u_statistic,p_value,decision,gain_pct
TV_vs_Instant,0.5114971136548554,0.508324006174837,65.0,0.9093276176867507,NO-GO,-0.624229318598626
