method,mae_mean,mae_std,mae_median,time_mean_sec
trss,15.419661771018523,0.8590506053203405,15.12696358289772,0.019220716664373565
tv,51.79544542426486,0.05404613449125853,51.79544407347427,0.18587799999901713
graph_time_tikhonov,143.11887221763544,0.12033094999049607,143.11878990524565,0.009882583333819639
temporal_laplacian,291.025966561687,0.05395881979558504,291.0259295919136,1.3778352666680196
