method,mae_mean,mae_std,mae_median,time_mean_sec
nearest,0.0432836556959028,0.003542658047186208,0.0432836556959028,0.005462199995236006
tv,0.04344385982830644,0.0009382341253860089,0.04344385982830644,0.1694541999968351
mean,0.0434438598437428,0.0009382341557487464,0.0434438598437428,0.002054249998764135
trss,0.07206822994483991,0.0026111240939291824,0.07206822994483991,0.018835849994502496
temporal_laplacian,0.17950146115267596,0.0020040462410041843,0.17950146115267596,21.760956100006297
graph_time_tikhonov,0.2003375637804714,0.001095112778211973,0.2003375637804714,0.008122450002701953
tikhonov,0.2036032774868685,0.0008649994028701228,0.2036032774868685,0.006108549998316448
