comparison,tv_median,instant_median,u_statistic,p_value,decision,gain_pct
TV_vs_Instant,0.21937664162559972,0.08975230065886486,274.0,0.9314742447553445,NO-GO,-144.42453287010179
