method,mae_mean,mae_std,mae_median,time_mean_sec
tv,0.04336390110305089,0.0004372301598699547,0.043313485678773564,0.27455908333164797
trss,0.07524521913468418,0.006024774512321444,0.07557099785077342,0.19550609999714652
graph_time_tikhonov,0.10807844645281517,0.015010450918848952,0.1066780320040289,0.013404116662665425
temporal_laplacian,0.1278493317476461,0.0077179109666903065,0.12703561183527784,13.34455390000221
