comparison,tv_median,instant_median,u_statistic,p_value,decision,gain_pct
TV_vs_Instant,158.17289585426377,153.47899612220516,26.0,0.6227106227106227,NO-GO,-3.0583336161002577
