method,mae_mean,mae_std,mae_median,time_mean_sec
mean,0.07493653883041838,0.016325836512259023,0.06801066365464825,0.0023275333320877203
tv,0.07708367648358873,0.021126563574642647,0.06911020911664234,0.14378040000156034
trss,0.08230515528639619,0.018708341926029264,0.07451451808579115,0.02091473333227138
tikhonov,0.09880301946437424,0.026429807871369407,0.08845578993454956,0.005714133330911864
nearest,0.09939113430708713,0.026237820395863032,0.09256743229399893,0.004179533330898266
graph_time_tikhonov,0.19448123999364184,0.052312498793650866,0.17351218171332497,0.008091816664091311
temporal_laplacian,0.25714460225904867,0.06336363530560307,0.22495362693316823,1.436847166667576
