comparison,tv_median,instant_median,u_statistic,p_value,decision,gain_pct
TV_vs_Instant,0.09022357164082888,0.022590059361718706,38.0,0.9703629703629704,NO-GO,-299.39501794192915
