method,mae_mean,mae_std,mae_median,time_mean_sec
trss,2.4498755539257166e-07,9.960307162752962e-09,2.4498755539257166e-07,0.08479270000680117
nearest,3.182665506998698e-07,5.799406355099054e-09,3.182665506998698e-07,0.0035791999980574474
tv,3.4124750053834794e-07,9.843460323367368e-09,3.4124750053834794e-07,0.2654545999976108
mean,3.412475007953066e-07,9.843460328580603e-09,3.412475007953066e-07,0.0025506499951006845
tikhonov,2.928916587761591e-06,5.855349722790597e-09,2.928916587761591e-06,0.007079349998093676
graph_time_tikhonov,5.295916190884697e-06,4.994433641712777e-09,5.295916190884697e-06,0.008911400007491466
temporal_laplacian,1.7103744507669587e-05,1.3806862747899048e-09,1.7103744507669587e-05,9.467134350008564
