method,mae_mean,mae_std,mae_median,time_mean_sec
tv,6.521888558144821,0.35658294662930384,6.521888558144821,0.717899999996007
trss,7.5751211100517235,0.1441326687580705,7.5751211100517235,0.25982310000108555
mean,10.666451539855073,0.5997757858447568,10.666451539855073,0.003072350002184976
nearest,16.767252604166664,0.2761215152055257,16.767252604166664,0.004522399998677429
tikhonov,94.70045850262454,0.1321556564135704,94.70045850262454,0.028440849993785378
graph_time_tikhonov,178.8599920388753,0.01571836749801764,178.8599920388753,0.016335149994120002
temporal_laplacian,221.4358186540289,0.42391330933602983,221.4358186540289,20.080205899997964
