comparison,tv_median,instant_median,u_statistic,p_value,decision,gain_pct
TV_vs_Instant,0.1822687491125171,0.1064723413487566,271.0,0.9208204412272457,NO-GO,-71.18882406791897
