comparison,tv_median,instant_median,u_statistic,p_value,decision,gain_pct
TV_vs_Instant,0.08813928877335664,0.022590059361718706,38.0,0.9703629703629704,NO-GO,-290.16846906882495
