comparison,tv_median,instant_median,u_statistic,p_value,decision,gain_pct
TV_vs_Instant,6.36794682012761e-06,1.1174479166666669e-06,25.0,0.5740925740925741,NO-GO,-469.86520133512045
