comparison,tv_median,instant_median,u_statistic,p_value,decision,gain_pct
TV_vs_Instant,2.773811608406673e-06,5.292725941491505e-07,31.0,0.8275058275058275,NO-GO,-424.0799616435467
