method,mae_mean,mae_std,mae_median,time_mean_sec
trss,2.7157187014830673e-07,3.869964343643138e-09,2.7157187014830673e-07,0.01664120000350522
nearest,3.182665506998698e-07,5.799406355099054e-09,3.182665506998698e-07,0.003539249999448657
mean,3.412475007953066e-07,9.843460328580603e-09,3.412475007953066e-07,0.00254875000246102
tv,3.4125188706861203e-07,9.835604371495048e-09,3.4125188706861203e-07,0.1580576500055031
tikhonov,1.807965696235207e-06,5.3824683418463684e-09,1.807965696235207e-06,0.005727399999159388
graph_time_tikhonov,4.835625119923948e-06,4.238440238559047e-09,4.835625119923948e-06,0.009601249999832362
temporal_laplacian,1.4368694431267222e-05,1.7639371507325678e-09,1.4368694431267222e-05,11.66376825000043
