comparison,tv_median,instant_median,u_statistic,p_value,decision,gain_pct
TV_vs_Instant,1.6628704409279313e-05,1.1477929687499999e-05,25.0,0.5740925740925741,NO-GO,-44.875468503599116
