method,mae_mean,mae_std,mae_median,time_mean_sec
trss,17.863600678559916,5.735422055143707,17.007997804549067,0.2500726333334266
tv,42.45771886676901,1.3193041704873893,42.16342162565813,0.4734089500003999
graph_time_tikhonov,112.5970453707053,21.95052754169134,110.47685859175624,0.016744633331351604
temporal_laplacian,170.79921753086944,10.92806945621255,168.61900101989596,21.537614866669173
