comparison,tv_median,instant_median,u_statistic,p_value,decision,gain_pct
TV_vs_Instant,117.47051332808766,112.38489583333333,24.0,0.5251415251415251,NO-GO,-4.52517881254817
