comparison,tv_median,instant_median,u_statistic,p_value,decision,gain_pct
TV_vs_Instant,109.53604152917234,48.59713541666667,24.0,0.5251415251415251,NO-GO,-125.39608680639707
