method,mae_mean,mae_std,mae_median,time_mean_sec
trss,0.062172393423520815,0.01524929734580909,0.05479173164763352,0.01946536666461422
tv,0.07582260334767575,0.010935736699490035,0.07032360761818007,0.19155114999739453
mean,0.07582260335741677,0.010935736697272287,0.07032360762893344,0.0020288999997622645
nearest,0.07873693149251221,0.02162828549934081,0.068805180625391,0.004608533337886911
tikhonov,0.33590217217637397,0.044762225919154096,0.3136597287734018,0.005677933334178912
graph_time_tikhonov,0.423705258413789,0.05465734655333759,0.3964319014273983,0.008297149996603062
temporal_laplacian,0.7356417815821038,0.0023689091868448514,0.735679788810942,1.3610316500028905
