method,mae_mean,mae_std,mae_median,time_mean_sec
tv,14.347096546859557,1.0954149080863487,14.347096546859557,0.46909099999902537
trss,14.677525663368677,0.48906880277855486,14.677525663368677,0.20222060000378406
mean,20.418442234848484,0.16738543335900405,20.418442234848484,0.011857250006869435
nearest,33.24876302083334,0.4580541974483161,33.24876302083334,0.004266550000465941
tikhonov,83.18567027055647,0.3871732750470678,83.18567027055647,0.030248900002334267
graph_time_tikhonov,161.3486900111257,0.003234567955967959,161.3486900111257,0.015279500003089197
temporal_laplacian,198.16656980985036,0.28850093519838066,198.16656980985036,14.721840550002526
