comparison,tv_median,instant_median,u_statistic,p_value,decision,gain_pct
TV_vs_Instant,0.10922761484370586,0.022590059361718706,31.0,0.8275058275058275,NO-GO,-383.52070747013545
