comparison,tv_median,instant_median,u_statistic,p_value,decision,gain_pct
TV_vs_Instant,1.6751668976654585e-06,1.5043286309725994e-07,29.0,0.7545787545787546,NO-GO,-1013.5644587063442
