comparison,tv_median,instant_median,u_statistic,p_value,decision,gain_pct
TV_vs_Instant,2.3005053087916205e-06,1.459331058320545e-06,31.0,0.8275058275058275,NO-GO,-57.64108463771967
