comparison,tv_median,instant_median,u_statistic,p_value,decision,gain_pct
TV_vs_Instant,1.4494075347725087e-06,2.9445792689467924e-07,35.0,0.929070929070929,NO-GO,-392.2290766826353
