comparison,tv_median,instant_median,u_statistic,p_value,decision,gain_pct
TV_vs_Instant,1.1793766449914091e-06,1.5043286309725994e-07,34.0,0.9094239094239094,NO-GO,-683.9886981536091
