method,mae_mean,mae_std,mae_median,time_mean_sec
tv,0.03830694473826851,0.0021894619684252664,0.03834348993112718,0.14140568333338402
trss,0.063749282173668,0.007394125815648468,0.06333588454418697,0.0188542499987913
graph_time_tikhonov,0.10682291066647458,0.016975141167352718,0.10511438858192364,0.00805318333247366
temporal_laplacian,0.132386061208526,0.007486337585087666,0.13144169530354077,1.8154198833290138
