comparison,tv_median,instant_median,u_statistic,p_value,decision,gain_pct
TV_vs_Instant,2.6345657943503798e-06,3.412475007953066e-07,29.0,0.7545787545787546,NO-GO,-672.0395865787436
