comparison,tv_median,instant_median,u_statistic,p_value,decision,gain_pct
TV_vs_Instant,157.90878244633066,157.56595052083333,24.0,0.5251415251415251,NO-GO,-0.21757995579889375
