comparison,tv_median,instant_median,u_statistic,p_value,decision,gain_pct
TV_vs_Instant,1.6159598818626509e-06,4.4592690846276663e-07,33.0,0.8857808857808858,NO-GO,-262.3822315260838
