comparison,tv_median,instant_median,u_statistic,p_value,decision,gain_pct
TV_vs_Instant,0.180391364578034,0.08975230065886486,292.0,0.9740737785344218,NO-GO,-100.98801173206104
