method,mae_mean,mae_std,mae_median,time_mean_sec
trss,61.219745171284615,0.7175789481896124,61.219745171284615,0.3500281000015093
tv,63.639694655096264,4.007722622341962,63.639694655096264,0.5049285499990219
mean,73.33766084558823,0.8226507155449488,73.33766084558823,0.003316000002087094
nearest,112.38489583333333,0.20218834524552542,112.38489583333333,0.010142649996851105
tikhonov,125.89780449151706,0.07390301205121323,125.89780449151706,0.09028620000026422
graph_time_tikhonov,181.87866326749946,0.14027669434604367,181.87866326749946,0.04769625000335509
temporal_laplacian,216.0906149485092,0.9213086931886837,216.0906149485092,23.082701500003168
