method,mae_mean,mae_std,mae_median,time_mean_sec
trss,14.443795976804807,0.47565483600017083,14.443795976804807,0.34587970000575297
tv,14.867672589365325,1.1907869787433605,14.867672589365325,0.23880240000289632
mean,20.418442234848484,0.16738543335900405,20.418442234848484,0.0024765500056673773
nearest,33.24876302083334,0.4580541974483161,33.24876302083334,0.007104249998519663
tikhonov,85.7504072479052,0.3627498615733956,85.7504072479052,0.007301400000869762
graph_time_tikhonov,164.17020393380517,0.007749543125895604,164.17020393380517,0.04356354999617906
temporal_laplacian,200.67527322541656,0.30526956568346486,200.67527322541656,11.117971800005762
