comparison,tv_median,instant_median,u_statistic,p_value,decision,gain_pct
TV_vs_Instant,0.4555683567288573,0.44732345390969075,23.0,0.4748584748584749,NO-GO,-1.8431635424220598
