method,mae_mean,mae_std,mae_median,time_mean_sec
tv,0.06415451209651854,0.0015126031751455259,0.06415451209651854,0.5447202499999548
mean,0.06419178702913692,0.0014674497028551877,0.06419178702913692,0.0031858999936957844
nearest,0.06506673670474344,0.0028735929329495435,0.06506673670474344,0.04869824999332195
trss,0.07864242818175989,0.003422023020888602,0.07864242818175989,0.20803354999952717
tikhonov,0.09706843738165982,0.0015235981318806103,0.09706843738165982,0.011530299998412374
temporal_laplacian,0.1509003852511736,0.003800359386276924,0.1509003852511736,23.617924799997127
graph_time_tikhonov,0.15093199193624368,0.0008207007736464413,0.15093199193624368,0.01637750000372762
