comparison,tv_median,instant_median,u_statistic,p_value,decision,gain_pct
TV_vs_Instant,0.27743982296445235,0.26850932618529705,22.0,0.4259074259074259,NO-GO,-3.325954038926905
