comparison,tv_median,instant_median,u_statistic,p_value,decision,gain_pct
TV_vs_Instant,0.14096178582230204,0.07503287350383431,279.0,0.9467301267238174,NO-GO,-87.86670327253114
