comparison,tv_median,instant_median,u_statistic,p_value,decision,gain_pct
TV_vs_Instant,0.11629653712963661,0.06616405220953891,36.0,0.946053946053946,NO-GO,-75.76997364268155
