method,mae_mean,mae_std,mae_median,time_mean_sec
trss,7.2905580689966385,0.08464690619692762,7.2905580689966385,0.0910197999983211
tv,7.57431288361811,0.1951571737009402,7.57431288361811,0.43691319999925327
mean,10.666451539855073,0.5997757858447568,10.666451539855073,0.019746599995414726
nearest,16.767252604166664,0.2761215152055257,16.767252604166664,0.0032197499967878684
tikhonov,78.1287337875053,0.08547312880353164,78.1287337875053,0.025632050004787743
graph_time_tikhonov,160.44046853351858,0.0314087622610574,160.44046853351858,0.025813550004386343
temporal_laplacian,197.8081733018035,0.3504065587288628,197.8081733018035,23.905424949996814
