comparison,tv_median,instant_median,u_statistic,p_value,decision,gain_pct
TV_vs_Instant,0.18717580660447203,0.1523610088282919,231.0,0.6531927356707931,NO-GO,-22.850201665057085
