comparison,tv_median,instant_median,u_statistic,p_value,decision,gain_pct
TV_vs_Instant,0.04613631450471275,0.026110778379412017,234.0,0.6808953349691392,NO-GO,-76.69451991937011
