method,mae_mean,mae_std,mae_median,time_mean_sec
tv,51.00552982036891,1.5903391899807546,51.00552982036891,0.8853830999942147
trss,55.901573429380036,1.0572917206525452,55.901573429380036,0.4801713000051677
mean,73.33766084558823,0.8226507155449488,73.33766084558823,0.019881599997461308
nearest,112.38489583333333,0.20218834524552542,112.38489583333333,0.010114199998497497
tikhonov,160.6359410761258,0.17298981709073605,160.6359410761258,0.04187479999382049
graph_time_tikhonov,213.7895996544408,0.059620320980836486,213.7895996544408,0.014788349995797034
temporal_laplacian,278.42893322808663,0.8992780041113713,278.42893322808663,18.659568299997773
