method,mae_mean,mae_std,mae_median,time_mean_sec
trss,16.081632415119103,0.5072275033217243,16.081632415119103,0.23756480000156444
tv,17.14363059870833,1.7762065207691948,17.14363059870833,0.6911252999998396
mean,20.418442234848484,0.16738543335900405,20.418442234848484,0.031071800003701355
nearest,33.24876302083334,0.4580541974483161,33.24876302083334,0.011824249995697755
tikhonov,83.11060111096774,0.42030449350702637,83.11060111096774,0.01676005000626901
graph_time_tikhonov,158.61210786733508,0.03884300021277664,158.61210786733508,0.058656699999119155
temporal_laplacian,194.44169303888543,0.21107600880967542,194.44169303888543,17.012930249999044
