method,mae_mean,mae_std,mae_median,time_mean_sec
trss,18.279898828231925,5.79461730670086,17.434873685930754,0.09681249999994179
tv,34.36872713539125,1.320235976419805,34.30204656330342,0.19729093333444325
graph_time_tikhonov,125.59092326103548,24.66414801841183,123.94565632986888,0.00858429999789223
temporal_laplacian,178.69791244769826,16.162586762459746,175.72227284594615,6.414125266669241
