comparison,tv_median,instant_median,u_statistic,p_value,decision,gain_pct
TV_vs_Instant,0.25972505244131616,0.0967553566654862,247.0,0.7883234400958533,NO-GO,-168.43480443079514
