comparison,tv_median,instant_median,u_statistic,p_value,decision,gain_pct
TV_vs_Instant,1.2802122317419867e-06,2.9445792689467924e-07,32.0,0.8588078588078588,NO-GO,-334.76915199497716
