comparison,tv_median,instant_median,u_statistic,p_value,decision,gain_pct
TV_vs_Instant,0.21308126423951534,0.08975230065886486,268.0,0.9089574566172887,NO-GO,-137.410364609377
