comparison,tv_median,instant_median,u_statistic,p_value,decision,gain_pct
TV_vs_Instant,1.5845208171901177e-06,7.329666405393366e-07,33.0,0.8857808857808858,NO-GO,-116.17911778688652
