comparison,tv_median,instant_median,u_statistic,p_value,decision,gain_pct
TV_vs_Instant,0.42032224768251414,0.4268875837666498,22.0,0.4259074259074259,NO-GO,1.5379543312565622
