method,mae_mean,mae_std,mae_median,time_mean_sec
trss,40.282362983811055,1.0202320824595739,40.282362983811055,0.01832740000099875
tv,44.540617418402746,3.382439081912565,44.540617418402746,0.14677074999781325
mean,52.703248355263156,0.07191244951211984,52.703248355263156,0.002671499998541549
nearest,80.70852864583333,0.08645485254351448,80.70852864583333,0.0066899000012199394
tikhonov,107.9544688239142,0.6740743656897231,107.9544688239142,0.007181100001616869
graph_time_tikhonov,173.43544014518545,0.18028275074620753,173.43544014518545,0.007977900000696536
temporal_laplacian,208.3988364037977,0.614698945197945,208.3988364037977,18.642560000007506
