method,mae_mean,mae_std,mae_median,time_mean_sec
trss,9.791645701256763e-07,2.0212551676473416e-08,9.791645701256763e-07,0.3013351999979932
tv,2.0565868956200903e-06,2.7511169810964334e-08,2.0565868956200903e-06,0.5785624000054668
mean,2.0693714488636363e-06,2.8031493965362186e-08,2.0693714488636363e-06,0.003439500003878493
nearest,2.3413411458333335e-06,3.1948704827049013e-08,2.3413411458333335e-06,0.004966000007698312
tikhonov,6.1907428374304e-06,1.0346975813301412e-08,6.1907428374304e-06,0.010262400006467942
graph_time_tikhonov,1.3063961866853175e-05,1.339046942240254e-08,1.3063961866853175e-05,0.014349650002259295
temporal_laplacian,3.163029772722797e-05,1.8985707927631373e-08,3.163029772722797e-05,18.57394260000001
