comparison,tv_median,instant_median,u_statistic,p_value,decision,gain_pct
TV_vs_Instant,6.3001753715669725e-06,1.1174479166666669e-06,25.0,0.5740925740925741,NO-GO,-463.8003595156646
