comparison,tv_median,instant_median,u_statistic,p_value,decision,gain_pct
TV_vs_Instant,0.23427360386976437,0.0967553566654862,247.0,0.7883234400958533,NO-GO,-142.12985403973258
