comparison,tv_median,instant_median,u_statistic,p_value,decision,gain_pct
TV_vs_Instant,0.11288975130640327,0.09326005452155871,32.0,0.8588078588078588,NO-GO,-21.048343672485004
