comparison,tv_median,instant_median,u_statistic,p_value,decision,gain_pct
TV_vs_Instant,2.3585622316230364e-06,1.722371750983639e-07,29.0,0.7545787545787546,NO-GO,-1269.3688544741121
