comparison,tv_median,instant_median,u_statistic,p_value,decision,gain_pct
TV_vs_Instant,0.21214960225669605,0.1064723413487566,263.0,0.8863379019421483,NO-GO,-99.25325166071738
