comparison,tv_median,instant_median,u_statistic,p_value,decision,gain_pct
TV_vs_Instant,2.261049976438985e-06,1.459331058320545e-06,29.0,0.7545787545787546,NO-GO,-54.93742585325975
