comparison,tv_median,instant_median,u_statistic,p_value,decision,gain_pct
TV_vs_Instant,1.520600647759218e-06,2.9445792689467924e-07,34.0,0.9094239094239094,NO-GO,-416.4067626894289
