comparison,tv_median,instant_median,u_statistic,p_value,decision,gain_pct
TV_vs_Instant,2.004254709745838e-06,1.0384447434369257e-06,29.0,0.7545787545787546,NO-GO,-93.00542685712719
