comparison,tv_median,instant_median,u_statistic,p_value,decision,gain_pct
TV_vs_Instant,147.24021158667927,146.30115176278503,26.0,0.6227106227106227,NO-GO,-0.6418676904313416
