comparison,tv_median,instant_median,u_statistic,p_value,decision,gain_pct
TV_vs_Instant,3.081414536300668e-06,1.2420949748918119e-06,30.0,0.7932067932067932,NO-GO,-148.08203869990402
