method,mae_mean,mae_std,mae_median,time_mean_sec
trss,0.025993605034290147,0.005688565567728965,0.02488728899682823,0.02044396666800215
tv,0.06841063989131363,0.0006156757164371941,0.06838965494221608,0.15741086667064033
graph_time_tikhonov,0.15503810162111317,0.025433371120921734,0.15146252543105815,0.008238966664066538
temporal_laplacian,0.2874089490808488,0.04729048826108208,0.280695288099495,1.7059841333369452
