comparison,tv_median,instant_median,u_statistic,p_value,decision,gain_pct
TV_vs_Instant,1.697836789868801e-06,4.4592690846276663e-07,31.0,0.8275058275058275,NO-GO,-280.7432917026053
