comparison,tv_median,instant_median,u_statistic,p_value,decision,gain_pct
TV_vs_Instant,0.07677201812004318,0.018224446026311514,32.0,0.8588078588078588,NO-GO,-321.25844598625224
