comparison,tv_median,instant_median,u_statistic,p_value,decision,gain_pct
TV_vs_Instant,0.17524187782616257,0.0966103839335917,262.0,0.8813701499651269,NO-GO,-81.39031301916863
