comparison,tv_median,instant_median,u_statistic,p_value,decision,gain_pct
TV_vs_Instant,0.05307764894993691,0.026110778379412017,233.0,0.6717633345615686,NO-GO,-103.27869272479404
