comparison,tv_median,instant_median,u_statistic,p_value,decision,gain_pct
TV_vs_Instant,1.54703731088746e-06,4.4592690846276663e-07,34.0,0.9094239094239094,NO-GO,-246.92620730615366
