comparison,tv_median,instant_median,u_statistic,p_value,decision,gain_pct
TV_vs_Instant,0.43995621629767845,0.4377074693229795,26.0,0.6227106227106227,NO-GO,-0.5137556775481094
