comparison,tv_median,instant_median,u_statistic,p_value,decision,gain_pct
TV_vs_Instant,3.160566739425256e-06,1.2420949748918119e-06,29.0,0.7545787545787546,NO-GO,-154.45451461556274
