comparison,tv_median,instant_median,u_statistic,p_value,decision,gain_pct
TV_vs_Instant,1.2025464396768183e-05,2.3413411458333335e-06,25.0,0.5740925740925741,NO-GO,-413.6143623567536
