comparison,tv_median,instant_median,u_statistic,p_value,decision,gain_pct
TV_vs_Instant,2.486939225185151e-06,1.722371750983639e-07,31.0,0.8275058275058275,NO-GO,-1343.9038632425727
