method,mae_mean,mae_std,mae_median,time_mean_sec
trss,0.11699837658503764,0.016476576741682285,0.11127845218419122,0.0026102499978151172
tv,0.13748232759213078,0.011216522826640658,0.1357546635454352,0.052324600001156796
mean,0.14174181339185593,0.00998488598490119,0.1410100494395093,0.000928783330891747
nearest,0.16887316352396053,0.014747706084596012,0.1683791525340924,0.0009350833376326287
tikhonov,0.20059260576019497,0.014748455319089113,0.1963493460650875,0.002293216666051497
graph_time_tikhonov,0.3424682226176565,0.028181109648090535,0.3287394311972136,0.0025341833340159305
temporal_laplacian,0.5192432421887077,0.0030983409783258012,0.5188267196868744,0.05399528333267275
