method,mae_mean,mae_std,mae_median,time_mean_sec
trss,0.01414894440619345,0.002801971084890725,0.012637098121641986,0.020451316665761016
tv,0.014802539606705604,0.00470817021048181,0.012772029447084998,0.1890403333333476
mean,0.01838230288157962,0.0020721085204935524,0.01725164749308386,0.00211831666577685
nearest,0.027268869074712668,0.0020306434250651146,0.026110778379412017,0.0042275833354021115
tikhonov,0.06419740380058499,0.006862003256650772,0.06042406850966712,0.005867316671356093
graph_time_tikhonov,0.09292092334623703,0.010505695231916445,0.08716893056243952,0.008631983332937429
temporal_laplacian,0.11468142569842227,0.008382576780835762,0.11013287812995898,1.9557034166621936
