comparison,tv_median,instant_median,u_statistic,p_value,decision,gain_pct
TV_vs_Instant,2.345685561574899e-06,1.722371750983639e-07,31.0,0.8275058275058275,NO-GO,-1261.8927274180433
