comparison,tv_median,instant_median,u_statistic,p_value,decision,gain_pct
TV_vs_Instant,0.28813432279875717,0.1683791525340924,247.0,0.7883234400958533,NO-GO,-71.12232628704878
