comparison,tv_median,instant_median,u_statistic,p_value,decision,gain_pct
TV_vs_Instant,0.04558421317526278,0.026110778379412017,235.0,0.6899188550628998,NO-GO,-74.58006235158923
