comparison,tv_median,instant_median,u_statistic,p_value,decision,gain_pct
TV_vs_Instant,0.22188302473080992,0.1064723413487566,259.0,0.8655533236799899,NO-GO,-108.39498964714099
