comparison,tv_median,instant_median,u_statistic,p_value,decision,gain_pct
TV_vs_Instant,2.533198031086471e-06,1.722371750983639e-07,29.0,0.7545787545787546,NO-GO,-1370.7614831930289
