comparison,tv_median,instant_median,u_statistic,p_value,decision,gain_pct
TV_vs_Instant,0.1801647399443797,0.0967553566654862,243.0,0.7577089171226375,NO-GO,-86.20647595488286
