method,mae_mean,mae_std,mae_median,time_mean_sec
tv,0.04335730236766033,0.00041385792702724295,0.04330363405217026,0.5335188500005946
trss,0.07502324601039097,0.00584560508293243,0.07540673807118689,0.46676338333054446
graph_time_tikhonov,0.10613273802193106,0.014555657476994485,0.1046641654182085,0.01874839999557783
temporal_laplacian,0.12690443449238256,0.007520990263971068,0.12605798989457118,19.68572305000028
