method,mae_mean,mae_std,mae_median,time_mean_sec
trss,0.07349753445213304,0.014803849472645177,0.06620278928981103,0.02140489999874262
mean,0.07582260335741677,0.010935736697272287,0.07032360762893344,0.002092816668058125
tv,0.07582529411973508,0.01093454329763588,0.07032674088937615,0.15177343333683288
nearest,0.07873693149251221,0.02162828549934081,0.068805180625391,0.004216449999754938
tikhonov,0.18502128172639024,0.024512360568069255,0.17253336053135718,0.005691183328356904
graph_time_tikhonov,0.3278623230467642,0.04534008073486347,0.3050591296583831,0.009516600000400407
temporal_laplacian,0.5670940624882185,0.006868557453280505,0.5637084084709767,1.5188526666679536
