comparison,tv_median,instant_median,u_statistic,p_value,decision,gain_pct
TV_vs_Instant,0.09685963048248772,0.018224446026311514,25.0,0.5740925740925741,NO-GO,-431.48189164513855
