comparison,tv_median,instant_median,u_statistic,p_value,decision,gain_pct
TV_vs_Instant,0.10277534051699996,0.02016000476272846,29.0,0.7545787545787546,NO-GO,-409.7981956185328
