comparison,tv_median,instant_median,u_statistic,p_value,decision,gain_pct
TV_vs_Instant,2.5827732071727693e-06,5.292725941491505e-07,29.0,0.7545787545787546,NO-GO,-387.9854418543607
