comparison,tv_median,instant_median,u_statistic,p_value,decision,gain_pct
TV_vs_Instant,2.5904173998531866e-06,3.412475007953066e-07,30.0,0.7932067932067932,NO-GO,-659.1022333690346
