comparison,tv_median,instant_median,u_statistic,p_value,decision,gain_pct
TV_vs_Instant,0.08439233663249514,0.02016000476272846,34.0,0.9094239094239094,NO-GO,-318.61268201939384
