comparison,tv_median,instant_median,u_statistic,p_value,decision,gain_pct
TV_vs_Instant,0.03939128905868818,0.026110778379412017,216.0,0.505069707491635,NO-GO,-50.8621783935314
