method,mae_mean,mae_std,mae_median,time_mean_sec
tv,57.770943987729005,0.20976752142503358,57.770943987729005,0.2639779000019189
trss,59.64336548516822,1.2302913203487833,59.64336548516822,0.025788899998588022
mean,73.33766084558823,0.8226507155449488,73.33766084558823,0.002597749997221399
nearest,112.38489583333333,0.20218834524552542,112.38489583333333,0.025065649999305606
tikhonov,150.2330948018298,0.09069547253836549,150.2330948018298,0.007813249991158955
graph_time_tikhonov,205.39183496755146,0.11927281457736391,205.39183496755146,0.022434349994000513
temporal_laplacian,250.99227253523705,1.2860184328043252,250.99227253523705,25.50289260000136
