comparison,tv_median,instant_median,u_statistic,p_value,decision,gain_pct
TV_vs_Instant,1.0538074723750499e-05,2.3413411458333335e-06,25.0,0.5740925740925741,NO-GO,-350.08711107751765
