comparison,tv_median,instant_median,u_statistic,p_value,decision,gain_pct
TV_vs_Instant,0.28981256109382764,0.1683791525340924,236.0,0.6988294257635226,NO-GO,-72.11902823608054
