comparison,tv_median,instant_median,u_statistic,p_value,decision,gain_pct
TV_vs_Instant,0.21019844913853836,0.08975230065886486,278.0,0.9439163641879507,NO-GO,-134.1983966934412
