comparison,tv_median,instant_median,u_statistic,p_value,decision,gain_pct
TV_vs_Instant,0.15027325212080173,0.07503287350383431,261.0,0.8762509172783814,NO-GO,-100.27655226761709
