comparison,tv_median,instant_median,u_statistic,p_value,decision,gain_pct
TV_vs_Instant,0.13288827751790167,0.09924932538578515,34.0,0.9094239094239094,NO-GO,-33.89338114023534
