method,mae_mean,mae_std,mae_median,time_mean_sec
trss,24.8836127731524,0.21745251009010017,24.8836127731524,0.235657249999349
tv,28.364448296366042,0.44174758620042753,28.364448296366042,0.3411986999999499
mean,30.95472470238095,0.26719937793051113,30.95472470238095,0.003345300006913021
nearest,48.59713541666667,0.8231164874749655,48.59713541666667,0.014960599997721147
tikhonov,91.84648994913937,0.09903633373629464,91.84648994913937,0.011261849998845719
graph_time_tikhonov,162.9520264325489,0.13371590807225717,162.9520264325489,0.012662350003665779
temporal_laplacian,197.7981671155606,0.07194256045513688,197.7981671155606,22.379782999996678
