comparison,tv_median,instant_median,u_statistic,p_value,decision,gain_pct
TV_vs_Instant,0.33282799264948654,0.15915033760911335,22.0,0.4259074259074259,NO-GO,-109.12804688290399
