comparison,tv_median,instant_median,u_statistic,p_value,decision,gain_pct
TV_vs_Instant,0.08256262858914032,0.02016000476272846,35.0,0.929070929070929,NO-GO,-309.53675140881404
