comparison,tv_median,instant_median,u_statistic,p_value,decision,gain_pct
TV_vs_Instant,89.93720515814658,33.24876302083334,24.0,0.5251415251415251,NO-GO,-170.49789822795165
