method,mae_mean,mae_std,mae_median,time_mean_sec
tv,7.45772116718682,0.5296249703596639,7.45772116718682,0.949589100004232
trss,7.568680739054123,0.14921829634091735,7.568680739054123,0.3131602499925066
mean,10.666451539855073,0.5997757858447568,10.666451539855073,0.04201094999734778
nearest,16.767252604166664,0.2761215152055257,16.767252604166664,0.02102385000034701
tikhonov,112.9411971991643,0.07139455157211648,112.9411971991643,0.04334709999966435
graph_time_tikhonov,191.56264639286587,0.009912777517528693,191.56264639286587,0.022154899997985922
temporal_laplacian,231.23188633321269,0.3824233899304644,231.23188633321269,16.19257600000128
