method,mae_mean,mae_std,mae_median,time_mean_sec
nearest,0.018727333679847767,0.0008701670353293263,0.018727333679847767,0.00545820000115782
mean,0.022590059361718706,0.0011393985860608958,0.022590059361718706,0.01900809999642661
tv,0.02259007970644464,0.0011366809417565147,0.02259007970644464,0.8714794999978039
trss,0.029486922231184765,0.000545152511201429,0.029486922231184765,0.36575429999356857
tikhonov,0.11713287532563368,0.001013265157413729,0.11713287532563368,0.008720049998373725
temporal_laplacian,0.15668011398584553,0.0017693885873880403,0.15668011398584553,24.40595459999895
graph_time_tikhonov,0.17863629274099577,0.0019245433889489142,0.17863629274099577,0.06002739999530604
