comparison,tv_median,instant_median,u_statistic,p_value,decision,gain_pct
TV_vs_Instant,0.2405669274196803,0.1064723413487566,255.0,0.8422983827917943,NO-GO,-125.94311759491488
