method,mae_mean,mae_std,mae_median,time_mean_sec
tv,0.07490300253052992,0.016327199134176382,0.06800212539007344,0.19231960000130735
mean,0.07493653883041838,0.016325836512259023,0.06801066365464825,0.002120000002226637
trss,0.08168950553418082,0.015442073829861134,0.07530932018404062,0.020801633334485814
nearest,0.09939113430708713,0.026237820395863032,0.09256743229399893,0.004403516664751805
tikhonov,0.2532592453896517,0.05636791475505518,0.223399146607045,0.006207599998257744
temporal_laplacian,0.33273874010006727,0.10120166996264668,0.28446554096985754,2.338661450002595
graph_time_tikhonov,0.3615918092865915,0.08841077488430985,0.3163515778028519,0.00850183333386667
