comparison,tv_median,instant_median,u_statistic,p_value,decision,gain_pct
TV_vs_Instant,81.60735855995456,16.767252604166664,24.0,0.5251415251415251,NO-GO,-386.7067997751469
