comparison,tv_median,instant_median,u_statistic,p_value,decision,gain_pct
TV_vs_Instant,0.13375472625564594,0.09924932538578515,33.0,0.8857808857808858,NO-GO,-34.76638328345028
