method,mae_mean,mae_std,mae_median,time_mean_sec
tv,18.46953792878916,1.1440521988096517,18.46953792878916,0.9407812499994179
trss,21.785410003878777,0.13745324927274147,21.785410003878777,0.6285910000078729
mean,30.95472470238095,0.26719937793051113,30.95472470238095,0.0030257499965955503
nearest,48.59713541666667,0.8231164874749655,48.59713541666667,0.005462549997901078
tikhonov,139.50618373158602,0.00032442845871598455,139.50618373158602,0.008739500000956468
graph_time_tikhonov,206.3906086690333,0.06668373953581633,206.3906086690333,0.07466759999806527
temporal_laplacian,268.14441578734636,0.0744635842979823,268.14441578734636,18.398140299999795
