comparison,tv_median,instant_median,u_statistic,p_value,decision,gain_pct
TV_vs_Instant,5.316339096058238e-06,1.3366809035792495e-06,26.0,0.6227106227106227,NO-GO,-297.72686823179725
