comparison,tv_median,instant_median,u_statistic,p_value,decision,gain_pct
TV_vs_Instant,6.031891845807718e-06,2.3413411458333335e-06,24.0,0.5251415251415251,NO-GO,-157.6255005188848
