comparison,tv_median,instant_median,u_statistic,p_value,decision,gain_pct
TV_vs_Instant,7.645971103619419e-06,3.5242187499999997e-06,24.0,0.5251415251415251,NO-GO,-116.955065675745
