method,mae_mean,mae_std,mae_median,time_mean_sec
trss,0.04608036418971492,0.024266598705815472,0.03587510535721013,0.020291316669802956
mean,0.04815603717683714,0.021179831673181247,0.03901515292715881,0.002026166665018536
tv,0.048156334220104735,0.02117938752334697,0.03901541408785079,0.15449274999749227
nearest,0.057605956864539544,0.03122501154549925,0.04534122869188473,0.004413183329840346
tikhonov,0.14020870458895632,0.06239726041831738,0.1131749649482862,0.0064618000033078715
graph_time_tikhonov,0.2718225718766328,0.08027570416747545,0.2336356513000336,0.008121050004168259
temporal_laplacian,0.6235237217146566,0.0036024805847711915,0.6219379705182614,2.2820869166680495
