comparison,tv_median,instant_median,u_statistic,p_value,decision,gain_pct
TV_vs_Instant,9.432936973264002e-06,7.258491107148377e-06,25.0,0.5740925740925741,NO-GO,-29.957271201643625
