method,mae_mean,mae_std,mae_median,time_mean_sec
trss,0.08213834709081937,0.005682645087941054,0.08258383086242922,0.0035486500006906376
tv,0.12958442148714897,0.008116500166638658,0.13046378059643654,0.12372888333387284
graph_time_tikhonov,0.28396895966089436,0.049065258951548285,0.27920434956078466,0.003591516663921842
temporal_laplacian,0.4831626144705942,0.06275951202121739,0.4771281863111302,5.618892650001119
