method,mae_mean,mae_std,mae_median,time_mean_sec
tv,0.04336390110305089,0.0004372301598699547,0.043313485678773564,0.14404423333811187
trss,0.07524521913468418,0.006024774512321444,0.07557099785077342,0.019198316666006576
graph_time_tikhonov,0.10807844645281517,0.015010450918848952,0.1066780320040289,0.007844566668306166
temporal_laplacian,0.1278493317476461,0.0077179109666903065,0.12703561183527784,1.7977233666630734
