method,mae_mean,mae_std,mae_median,time_mean_sec
trss,8.123071356168651,0.11177247897243894,8.123071356168651,0.518075449996104
tv,8.764707082166051,0.009073780217730545,8.764707082166051,0.7407059999968624
mean,10.666451539855073,0.5997757858447568,10.666451539855073,0.02046975000121165
nearest,16.767252604166664,0.2761215152055257,16.767252604166664,0.00316325000312645
tikhonov,74.72890624688057,0.05493083377336287,74.72890624688057,0.06728299999667797
graph_time_tikhonov,154.4988667878414,0.07816765882025357,154.4988667878414,0.06108505000156583
temporal_laplacian,191.3303150220553,0.42931999342849286,191.3303150220553,28.978290999999444
