comparison,tv_median,instant_median,u_statistic,p_value,decision,gain_pct
TV_vs_Instant,1.248527286571169e-06,1.5043286309725994e-07,35.0,0.929070929070929,NO-GO,-729.9564741807473
