comparison,tv_median,instant_median,u_statistic,p_value,decision,gain_pct
TV_vs_Instant,3.304257229549249e-06,1.2420949748918119e-06,29.0,0.7545787545787546,NO-GO,-166.02291260674764
