comparison,tv_median,instant_median,u_statistic,p_value,decision,gain_pct
TV_vs_Instant,0.20362981378506703,0.08975230065886486,283.0,0.9568831772545163,NO-GO,-126.87977053539123
