comparison,tv_median,instant_median,u_statistic,p_value,decision,gain_pct
TV_vs_Instant,119.70795052505284,133.56050487173994,20.0,0.331002331002331,NO-GO,10.371744521323805
