comparison,tv_median,instant_median,u_statistic,p_value,decision,gain_pct
TV_vs_Instant,0.18447360481033526,0.08975230065886486,277.0,0.9409866787093834,NO-GO,-105.53635222287167
