comparison,tv_median,instant_median,u_statistic,p_value,decision,gain_pct
TV_vs_Instant,0.17882757717133166,0.0966103839335917,283.0,0.9568831772545163,NO-GO,-85.10181813815649
