comparison,tv_median,instant_median,u_statistic,p_value,decision,gain_pct
TV_vs_Instant,0.13439707460574005,0.06616405220953891,29.0,0.7545787545787546,NO-GO,-103.12703064212252
