comparison,tv_median,instant_median,u_statistic,p_value,decision,gain_pct
TV_vs_Instant,0.12599947998201366,0.04494799240105342,28.0,0.7136197136197137,NO-GO,-180.3228203337079
