comparison,tv_median,instant_median,u_statistic,p_value,decision,gain_pct
TV_vs_Instant,1.3245262735194218e-05,1.0519564378569419e-05,24.0,0.5251415251415251,NO-GO,-25.910753131352322
