comparison,tv_median,instant_median,u_statistic,p_value,decision,gain_pct
TV_vs_Instant,0.1703366839361406,0.0967553566654862,244.0,0.7655801441333783,NO-GO,-76.04884091849124
