comparison,tv_median,instant_median,u_statistic,p_value,decision,gain_pct
TV_vs_Instant,0.16615359980845373,0.14766929519013217,24.0,0.5251415251415251,NO-GO,-12.51736496373334
