method,mae_mean,mae_std,mae_median,time_mean_sec
tv,0.03835003870187874,0.002107957509758728,0.038363888004596516,0.1497226833331903
trss,0.06356670595411235,0.006023194792805787,0.06311331130114564,0.019599683332974866
graph_time_tikhonov,0.11767781005155638,0.019301267146840148,0.11640145205717606,0.008334100003897523
temporal_laplacian,0.13574017103756406,0.008435085794010134,0.13492203855641294,2.1409272166662654
