comparison,tv_median,instant_median,u_statistic,p_value,decision,gain_pct
TV_vs_Instant,1.993307550318399e-06,7.329666405393366e-07,29.0,0.7545787545787546,NO-GO,-171.95065096709854
