method,mae_mean,mae_std,mae_median,time_mean_sec
tv,14.122170574367013,0.4963224554407401,14.122170574367013,0.22199815000931267
trss,14.489639592185867,0.5781748201080714,14.489639592185867,0.20577005000814097
mean,20.418442234848484,0.16738543335900405,20.418442234848484,0.0025298999971710145
nearest,33.24876302083334,0.4580541974483161,33.24876302083334,0.003554150003765244
tikhonov,75.44148228836224,0.5069621140970008,75.44148228836224,0.007277450000401586
graph_time_tikhonov,151.22461330295343,0.06120636357530173,151.22461330295343,0.013486200004990678
temporal_laplacian,186.90590907347246,0.18077533239383164,186.90590907347246,16.63482509998721
