method,mae_mean,mae_std,mae_median,time_mean_sec
trss,11.528825867497332,0.3209574128441195,11.528825867497332,0.15619615000468912
tv,30.351248311055684,0.39582251804879237,30.351248311055684,0.6825344499957282
mean,30.95472470238095,0.26719937793051113,30.95472470238095,0.004001950001111254
nearest,48.59713541666667,0.8231164874749655,48.59713541666667,0.006480149997514673
tikhonov,155.4895042253222,1.8923355248616356,155.4895042253222,0.009477800005697645
graph_time_tikhonov,157.2293901825703,1.8594951924648302,157.2293901825703,0.016820299992104992
temporal_laplacian,289.4129533383213,0.08938949677127278,289.4129533383213,23.296476000003167
