comparison,tv_median,instant_median,u_statistic,p_value,decision,gain_pct
TV_vs_Instant,0.05195696690577521,0.02016000476272846,35.0,0.929070929070929,NO-GO,-157.7229892417116
