comparison,tv_median,instant_median,u_statistic,p_value,decision,gain_pct
TV_vs_Instant,1.519438851173222e-06,1.5043286309725994e-07,31.0,0.8275058275058275,NO-GO,-910.0444941946317
