comparison,tv_median,instant_median,u_statistic,p_value,decision,gain_pct
TV_vs_Instant,89.64617354096511,16.767252604166664,24.0,0.5251415251415251,NO-GO,-434.65034288734944
