comparison,tv_median,instant_median,u_statistic,p_value,decision,gain_pct
TV_vs_Instant,0.15163035638872546,0.0967553566654862,244.0,0.7655801441333783,NO-GO,-56.715205870161235
