comparison,tv_median,instant_median,u_statistic,p_value,decision,gain_pct
TV_vs_Instant,2.1994124418214705e-06,1.459331058320545e-06,33.0,0.8857808857808858,NO-GO,-50.7137417024921
