comparison,tv_median,instant_median,u_statistic,p_value,decision,gain_pct
TV_vs_Instant,2.2452828241784193e-06,1.459331058320545e-06,32.0,0.8588078588078588,NO-GO,-53.856988883823135
