method,mae_mean,mae_std,mae_median,time_mean_sec
tv,14.24207711415404,0.5530214222619484,14.24207711415404,0.48623365000094054
trss,14.92005207821061,0.2073111407939517,14.92005207821061,0.45800949999829754
mean,20.418442234848484,0.16738543335900405,20.418442234848484,0.003960750000260305
nearest,33.24876302083334,0.4580541974483161,33.24876302083334,0.005584600003203377
tikhonov,118.89287306870176,0.13902393725660717,118.89287306870176,0.014621249996707775
graph_time_tikhonov,193.80671912463959,0.022872527848254245,193.80671912463959,0.024358499991649296
temporal_laplacian,233.99655392943447,0.23241713500458117,233.99655392943447,25.87829575000069
