comparison,tv_median,instant_median,u_statistic,p_value,decision,gain_pct
TV_vs_Instant,3.4909451741192526e-06,1.7740136101132347e-06,29.0,0.7545787545787546,NO-GO,-96.78232197420553
