comparison,tv_median,instant_median,u_statistic,p_value,decision,gain_pct
TV_vs_Instant,1.2733114058612639e-05,1.0481649925595238e-05,28.0,0.7136197136197137,NO-GO,-21.48005465742115
