comparison,tv_median,instant_median,u_statistic,p_value,decision,gain_pct
TV_vs_Instant,0.08352580006529878,0.02016000476272846,36.0,0.946053946053946,NO-GO,-314.3143865705832
