comparison,tv_median,instant_median,u_statistic,p_value,decision,gain_pct
TV_vs_Instant,0.1449018514015175,0.07503287350383431,269.0,0.9130500522671939,NO-GO,-93.11782240901753
