comparison,tv_median,instant_median,u_statistic,p_value,decision,gain_pct
TV_vs_Instant,0.08728051454171354,0.02016000476272846,37.0,0.9593739593739594,NO-GO,-332.93895794646124
