comparison,tv_median,instant_median,u_statistic,p_value,decision,gain_pct
TV_vs_Instant,0.1061706559909901,0.04494799240105342,36.0,0.946053946053946,NO-GO,-136.20778219340858
