comparison,tv_median,instant_median,u_statistic,p_value,decision,gain_pct
TV_vs_Instant,102.58623057678997,80.70852864583333,24.0,0.5251415251415251,NO-GO,-27.107050887968466
