comparison,tv_median,instant_median,u_statistic,p_value,decision,gain_pct
TV_vs_Instant,0.08674964062556588,0.022590059361718706,38.0,0.9703629703629704,NO-GO,-284.0168776739583
