method,mae_mean,mae_std,mae_median,time_mean_sec
trss,18.018471526432965,5.825129047700122,17.122080832504004,0.035743650002890114
tv,42.58088050402537,2.3402830375952828,42.17920656355146,0.1994069666689029
graph_time_tikhonov,110.8147269486074,21.348427591186926,108.60313018035144,0.01052936667110771
temporal_laplacian,169.63066019927035,10.364058295568167,167.44984211625717,6.359134366665482
