comparison,tv_median,instant_median,u_statistic,p_value,decision,gain_pct
TV_vs_Instant,1.6393712644797502e-06,4.4592690846276663e-07,29.0,0.7545787545787546,NO-GO,-267.632280844212
