comparison,tv_median,instant_median,u_statistic,p_value,decision,gain_pct
TV_vs_Instant,0.4949133320450049,0.5221134009054393,22.0,0.4259074259074259,NO-GO,5.209609409232671
