method,mae_mean,mae_std,mae_median,time_mean_sec
trss,0.029771087796598695,0.0013347097280863663,0.029422155689975034,0.01993021666809606
tv,0.0762256165308179,0.000891784745692684,0.07635967060565538,0.14470206666737795
graph_time_tikhonov,0.1421548621206793,0.029818733660774626,0.138247032794035,0.008196166670434954
temporal_laplacian,0.3788401260480348,0.07721413824727143,0.37150565269416475,1.3117720666729535
