comparison,tv_median,instant_median,u_statistic,p_value,decision,gain_pct
TV_vs_Instant,159.29550520618642,157.56595052083333,26.0,0.6227106227106227,NO-GO,-1.097670327653951
