comparison,tv_median,instant_median,u_statistic,p_value,decision,gain_pct
TV_vs_Instant,0.046511379984728846,0.018224446026311514,31.0,0.8275058275058275,NO-GO,-155.21423212304023
