comparison,tv_median,instant_median,u_statistic,p_value,decision,gain_pct
TV_vs_Instant,2.6455369340397176e-06,5.292725941491505e-07,31.0,0.8275058275058275,NO-GO,-399.843929817042
