comparison,tv_median,instant_median,u_statistic,p_value,decision,gain_pct
TV_vs_Instant,0.4747400144056759,0.47632363561977775,24.0,0.5251415251415251,NO-GO,0.33246748548206456
