method,mae_mean,mae_std,mae_median,time_mean_sec
trss,0.05589214196795549,0.020291541712074396,0.046720335123030886,0.02077748333249474
tv,0.08482437301191592,0.009116204542446863,0.08027403416167336,0.1462535333315221
mean,0.08517947864378413,0.00904321126954746,0.08066247950563735,0.002016750001833619
nearest,0.1016505119963283,0.015156892897431216,0.09422244719695572,0.004217466666887049
tikhonov,0.1713574976563039,0.041790492787407325,0.1514556063143123,0.0056771666689504246
graph_time_tikhonov,0.3123846714553786,0.06129219674673363,0.282551411707018,0.008143099999870174
temporal_laplacian,0.6254845279255581,0.001849633387558905,0.6248028607317222,1.3347678833354923
