comparison,tv_median,instant_median,u_statistic,p_value,decision,gain_pct
TV_vs_Instant,5.767952183934451e-06,2.0867506663004558e-06,25.0,0.5740925740925741,NO-GO,-176.40830680362492
