comparison,tv_median,instant_median,u_statistic,p_value,decision,gain_pct
TV_vs_Instant,1.2030585003917606e-06,2.9445792689467924e-07,35.0,0.929070929070929,NO-GO,-308.56719772467414
