method,mae_mean,mae_std,mae_median,time_mean_sec
trss,17.499646119520385,5.292503760761602,16.69397433907729,0.15990889999860278
tv,33.78661823745046,1.0016569274112623,33.703036572252266,0.5099624499950247
graph_time_tikhonov,150.54086790196519,27.141707918967196,150.79355581872147,0.01873548333484602
temporal_laplacian,207.8912825100807,26.114688887333966,206.39755935563352,10.827501333333203
