method,mae_mean,mae_std,mae_median,time_mean_sec
trss,0.02322133782215065,0.005981725975585115,0.022105226983558365,0.020503516665485222
tv,0.06878642242886213,0.0005686385658895813,0.06878440759688695,0.1538580499982345
graph_time_tikhonov,0.2067373351212716,0.040765943903243645,0.20401952210655525,0.008165783331302615
temporal_laplacian,0.3486916159147231,0.06328977561389193,0.3441393532667165,1.3287896666637
