comparison,tv_median,instant_median,u_statistic,p_value,decision,gain_pct
TV_vs_Instant,159.03151436928536,152.64351079706734,28.0,0.7136197136197137,NO-GO,-4.184916567275885
