comparison,tv_median,instant_median,u_statistic,p_value,decision,gain_pct
TV_vs_Instant,0.17889715454153024,0.0966103839335917,276.0,0.9379382642208496,NO-GO,-85.17383665973323
