method,mae_mean,mae_std,mae_median,time_mean_sec
trss,60.469116541904185,0.6650085184429932,60.469116541904185,0.15263340000092285
tv,63.4611616703087,0.7206728152016944,63.4611616703087,0.2765958000018145
mean,73.33766084558823,0.8226507155449488,73.33766084558823,0.0026614500020514242
nearest,112.38489583333333,0.20218834524552542,112.38489583333333,0.010058400002890266
tikhonov,127.3012283791799,0.09263510742680987,127.3012283791799,0.025773550005396828
graph_time_tikhonov,183.7769209146301,0.1360616098986258,183.7769209146301,0.014346850002766587
temporal_laplacian,218.15874686052007,0.9572796707768711,218.15874686052007,30.991363150002144
