comparison,tv_median,instant_median,u_statistic,p_value,decision,gain_pct
TV_vs_Instant,9.895234555724016e-06,1.1174479166666669e-06,25.0,0.5740925740925741,NO-GO,-785.5208737818741
