comparison,tv_median,instant_median,u_statistic,p_value,decision,gain_pct
TV_vs_Instant,0.13272709588891182,0.09924932538578515,35.0,0.929070929070929,NO-GO,-33.73098041019176
