comparison,tv_median,instant_median,u_statistic,p_value,decision,gain_pct
TV_vs_Instant,0.20403221996237764,0.0966103839335917,251.0,0.8165467782712914,NO-GO,-111.1907764517589
