comparison,tv_median,instant_median,u_statistic,p_value,decision,gain_pct
TV_vs_Instant,8.355272068278866e-06,3.453862541600277e-06,26.0,0.6227106227106227,NO-GO,-141.91096106585704
