comparison,tv_median,instant_median,u_statistic,p_value,decision,gain_pct
TV_vs_Instant,1.8653917752368123e-06,7.329666405393366e-07,31.0,0.8275058275058275,NO-GO,-154.4988642135482
