method,mae_mean,mae_std,mae_median,time_mean_sec
tv,22.86242387636944,0.5422209427214298,22.86242387636944,0.45503815000120085
trss,24.24523357391444,0.06907416366210613,24.24523357391444,0.1797992499996326
mean,30.95472470238095,0.26719937793051113,30.95472470238095,0.0031976500031305477
nearest,48.59713541666667,0.8231164874749655,48.59713541666667,0.006269650002650451
tikhonov,112.7310514839892,0.19578475427216188,112.7310514839892,0.022636649999185465
graph_time_tikhonov,185.65731726691718,0.08358969245274148,185.65731726691718,0.014347499993164092
temporal_laplacian,217.14327689135519,0.048211982512490356,217.14327689135519,23.5348141499926
