method,mae_mean,mae_std,mae_median,time_mean_sec
tv,0.04342593301515821,0.0006559795991410192,0.043413418934591136,0.15585155000007944
trss,0.07493794463014311,0.006845485243408238,0.07445486399999882,0.07276215000456432
graph_time_tikhonov,0.12540855359358927,0.01819564180676226,0.12485611646873798,0.00988569999996495
temporal_laplacian,0.13249000726435098,0.008587953729003396,0.13195247704859325,6.169673699997172
