method,mae_mean,mae_std,mae_median,time_mean_sec
mean,0.0895007328643679,0.0027894195981509736,0.0895007328643679,0.003230499991332181
tv,0.0895189978454175,0.0028178482116517807,0.0895189978454175,0.5375764500058722
nearest,0.09924932538578515,0.008234015410152203,0.09924932538578515,0.030213799997000024
trss,0.11003173314199945,0.0034151164888533464,0.11003173314199945,0.08510219999880064
tikhonov,0.13463111657618088,0.0017187291084938229,0.13463111657618088,0.030430699996941257
temporal_laplacian,0.16007589296012786,0.0070559717861763665,0.16007589296012786,29.663899749997654
graph_time_tikhonov,0.1744952705455548,0.009389657341312427,0.1744952705455548,0.013821900000039022
