method,mae_mean,mae_std,mae_median,time_mean_sec
trss,94.60962808896502,0.0009096764666502328,94.60962808896502,0.02009669999824837
mean,105.35975632440477,0.2935098181208715,105.35975632440477,0.0020472000032896176
tv,121.6893737679329,2.8021062713892144,121.6893737679329,0.14289695000479696
tikhonov,152.64351079706734,0.9838662146092568,152.64351079706734,0.005715599996619858
nearest,157.56595052083333,0.4464532268194698,157.56595052083333,0.008510199993907008
graph_time_tikhonov,194.95027073154654,0.7891369759982122,194.95027073154654,0.008164400009263773
temporal_laplacian,226.68571941605558,0.0075674964916047265,226.68571941605558,1.521502750008949
