method,mae_mean,mae_std,mae_median,time_mean_sec
trss,39.73172235244731,1.021750676676085,39.73172235244731,0.017868900002213195
tv,42.065459674678294,1.0569256748503606,42.065459674678294,0.25955360000079963
mean,52.703248355263156,0.07191244951211984,52.703248355263156,0.006571649995748885
nearest,80.70852864583333,0.08645485254351448,80.70852864583333,0.008538400004908908
tikhonov,109.84691670199989,0.6409934103921812,109.84691670199989,0.007318699994357303
graph_time_tikhonov,175.72525014408987,0.14449020370401902,175.72525014408987,0.007823149993782863
temporal_laplacian,210.6448080394009,0.6361059265214768,210.6448080394009,21.529148050001822
