comparison,tv_median,instant_median,u_statistic,p_value,decision,gain_pct
TV_vs_Instant,0.13663111646043105,0.061375427697852286,293.0,0.9755678153241605,NO-GO,-122.61533904587714
