method,mae_mean,mae_std,mae_median,time_mean_sec
tv,0.0383629467489151,0.0020539877209884336,0.03836951680097793,0.1868942833340649
trss,0.06299268662982876,0.005897735070296464,0.0624967785267371,0.018916366665507667
graph_time_tikhonov,0.11799369630178853,0.01962288688936171,0.11655938563168504,0.008116633332974743
temporal_laplacian,0.13197021575485368,0.007652609234572214,0.13102823735817426,1.3409632166658412
