comparison,tv_median,instant_median,u_statistic,p_value,decision,gain_pct
TV_vs_Instant,0.13863212357931853,0.07472633863517839,279.0,0.9467301267238174,NO-GO,-85.51975931289061
