method,mae_mean,mae_std,mae_median,time_mean_sec
trss,0.037499501590430764,0.003802381846828548,0.03652426476312588,0.020000166667159647
tv,0.07766605637542336,0.00038662257318479394,0.07766605616158548,0.18622721667149258
graph_time_tikhonov,0.2420061200771618,0.05157519240898126,0.23951669269412415,0.008100800000344558
temporal_laplacian,0.4306746964962673,0.09106093358908832,0.4260798296126177,1.3875168333324837
