method,mae_mean,mae_std,mae_median,time_mean_sec
tv,12.569636670142497,0.3972757399365447,12.569636670142497,1.0326831999918795
trss,14.975809174606972,0.2488083280834559,14.975809174606972,0.35192474999348633
mean,20.418442234848484,0.16738543335900405,20.418442234848484,0.027429050001956057
nearest,33.24876302083334,0.4580541974483161,33.24876302083334,0.007054800007608719
tikhonov,101.60614144364905,0.18374366594269712,101.60614144364905,0.015038149998872541
graph_time_tikhonov,181.70415721756228,0.023718517800986914,181.70415721756228,0.03373160000046482
temporal_laplacian,224.48552049666512,0.2541457053440431,224.48552049666512,19.701749199994083
