method,mae_mean,mae_std,mae_median,time_mean_sec
mean,0.016812165018357073,0.0031615955550113217,0.016812165018357073,0.0033640500041656196
tv,0.016833997729948653,0.003177885228830746,0.016833997729948653,1.0454366999983904
nearest,0.01723181295493951,0.005714053383935298,0.01723181295493951,0.005207900001551025
trss,0.023498798926613454,0.004343801413791895,0.023498798926613454,0.6665026499977103
tikhonov,0.080329383500996,0.0016154191874123585,0.080329383500996,0.009992250001232605
temporal_laplacian,0.1468405280190443,0.0013609076534063069,0.1468405280190443,25.57716454999172
graph_time_tikhonov,0.15412369744776205,0.0012744094924379663,0.15412369744776205,0.0197538499996881
