comparison,tv_median,instant_median,u_statistic,p_value,decision,gain_pct
TV_vs_Instant,0.08587045977982134,0.022590059361718706,38.0,0.9703629703629704,NO-GO,-280.1249850867506
