comparison,tv_median,instant_median,u_statistic,p_value,decision,gain_pct
TV_vs_Instant,1.3467866688819077e-06,2.9445792689467924e-07,35.0,0.929070929070929,NO-GO,-357.37830293277244
