comparison,tv_median,instant_median,u_statistic,p_value,decision,gain_pct
TV_vs_Instant,0.07802859818950003,0.018224446026311514,32.0,0.8588078588078588,NO-GO,-328.1534707658404
