method,mae_mean,mae_std,mae_median,time_mean_sec
tv,0.04342515816422823,0.0006554010192662169,0.04341224739434542,0.1890498499997193
trss,0.07417401025333775,0.0064454827922327314,0.07370576077736463,0.01911633333171873
graph_time_tikhonov,0.11558866853402339,0.01699388507692608,0.11434600329436562,0.007948499997534478
temporal_laplacian,0.12679580596610562,0.007539282354832363,0.12596773429170588,1.3126914666693967
