method,mae_mean,mae_std,mae_median,time_mean_sec
trss,3.618890179678927e-07,4.012129468445195e-08,3.5313437497419697e-07,0.15678254999996474
tv,7.329666402773793e-07,1.7693882984114324e-09,7.329666402641107e-07,0.39420521666518954
graph_time_tikhonov,2.678053419750271e-06,3.1434670760520284e-07,2.7084955695079783e-06,0.017839349997908965
temporal_laplacian,5.295485774180419e-06,6.898254888411119e-07,5.371242493060763e-06,15.277283599997949
