comparison,tv_median,instant_median,u_statistic,p_value,decision,gain_pct
TV_vs_Instant,2.0512705081506706e-06,1.0384447434369257e-06,31.0,0.8275058275058275,NO-GO,-97.5329473344542
