method,mae_mean,mae_std,mae_median,time_mean_sec
trss,3.8151214377019205,0.019023198405502765,3.8151214377019205,0.5905310499947518
tv,10.41353035357956,0.47803659750922955,10.41353035357956,0.5360824000017601
mean,10.666451539855073,0.5997757858447568,10.666451539855073,0.003382549992238637
nearest,16.767252604166664,0.2761215152055257,16.767252604166664,0.012655899998208042
tikhonov,170.19851076187638,4.845212126511048,170.19851076187638,0.01167084999178769
graph_time_tikhonov,171.99050048142377,4.878621962921238,171.99050048142377,0.10864389999187551
temporal_laplacian,287.8794419565479,0.03050369176465774,287.8794419565479,20.699655299998994
