comparison,tv_median,instant_median,u_statistic,p_value,decision,gain_pct
TV_vs_Instant,0.20588695536301785,0.0967553566654862,245.0,0.773307788666027,NO-GO,-112.7912732261781
