comparison,tv_median,instant_median,u_statistic,p_value,decision,gain_pct
TV_vs_Instant,0.18040075262056762,0.0966103839335917,282.0,0.9545044324551046,NO-GO,-86.73018911152653
