comparison,tv_median,instant_median,u_statistic,p_value,decision,gain_pct
TV_vs_Instant,124.12652758207696,112.38489583333333,24.0,0.5251415251415251,NO-GO,-10.4476955392266
