comparison,tv_median,instant_median,u_statistic,p_value,decision,gain_pct
TV_vs_Instant,1.8130609738690611e-06,7.329666405393366e-07,29.0,0.7545787545787546,NO-GO,-147.35927579663954
