method,mae_mean,mae_std,mae_median,time_mean_sec
trss,5.818632773469399e-06,7.251177592436237e-08,5.818632773469399e-06,0.41379439999582246
tikhonov,9.039397657391393e-06,4.9192119876760716e-08,9.039397657391393e-06,0.008795399997325148
tv,1.0310018586968075e-05,2.373739592192887e-08,1.0310018586968075e-05,0.4193546000024071
mean,1.0481649925595238e-05,2.1294752208723738e-08,1.0481649925595238e-05,0.003309749998152256
nearest,1.1477929687499999e-05,1.3138559593140743e-07,1.1477929687499999e-05,0.014801600002101623
graph_time_tikhonov,1.2990694033172352e-05,1.772489277700758e-08,1.2990694033172352e-05,0.012363400004687719
temporal_laplacian,3.2363784224639934e-05,8.100598083907176e-08,3.2363784224639934e-05,24.279470599998604
