method,mae_mean,mae_std,mae_median,time_mean_sec
tv,0.0383629467489151,0.0020539877209884336,0.03836951680097793,0.18694363333149036
trss,0.06299268662982876,0.005897735070296464,0.0624967785267371,0.019682783335156273
graph_time_tikhonov,0.11799369630178853,0.01962288688936171,0.11655938563168504,0.008051799995882902
temporal_laplacian,0.13197021575485368,0.007652609234572214,0.13102823735817426,1.3442909333364998
