comparison,tv_median,instant_median,u_statistic,p_value,decision,gain_pct
TV_vs_Instant,99.30722216641234,33.24876302083334,24.0,0.5251415251415251,NO-GO,-198.67944892923518
