comparison,tv_median,instant_median,u_statistic,p_value,decision,gain_pct
TV_vs_Instant,0.07333962279633349,0.04494799240105342,38.0,0.9703629703629704,NO-GO,-63.16551391651182
