comparison,tv_median,instant_median,u_statistic,p_value,decision,gain_pct
TV_vs_Instant,9.106125012267872e-06,5.825585937499999e-06,24.0,0.5251415251415251,NO-GO,-56.31260288601438
