comparison,tv_median,instant_median,u_statistic,p_value,decision,gain_pct
TV_vs_Instant,3.020722520053125e-06,1.2420949748918119e-06,30.0,0.7932067932067932,NO-GO,-143.19577658030812
