comparison,tv_median,instant_median,u_statistic,p_value,decision,gain_pct
TV_vs_Instant,1.8022141193409241e-06,1.0384447434369257e-06,33.0,0.8857808857808858,NO-GO,-73.5493516367719
