method,mae_mean,mae_std,mae_median,time_mean_sec
tv,21.245286914257164,0.20128492379495364,21.245286914257164,0.5868297500055633
trss,22.477242507526483,0.502956492953423,22.477242507526483,0.45550729999376927
mean,30.95472470238095,0.26719937793051113,30.95472470238095,0.02042865000112215
nearest,48.59713541666667,0.8231164874749655,48.59713541666667,0.024236649995145854
tikhonov,83.7006321620916,0.11984421111036092,83.7006321620916,0.031111199998122174
graph_time_tikhonov,155.4342553814506,0.14610493341460803,155.4342553814506,0.09539539999968838
temporal_laplacian,190.0707239467908,0.13282817045473683,190.0707239467908,15.294903599999088
