comparison,tv_median,instant_median,u_statistic,p_value,decision,gain_pct
TV_vs_Instant,0.08979848568738942,0.06616405220953891,37.0,0.9593739593739594,NO-GO,-35.720958267491234
