comparison,tv_median,instant_median,u_statistic,p_value,decision,gain_pct
TV_vs_Instant,0.3436331063276135,0.1683791525340924,214.0,0.48479415182484004,NO-GO,-104.08292900633094
