comparison,tv_median,instant_median,u_statistic,p_value,decision,gain_pct
TV_vs_Instant,2.7259976444201493e-06,1.722371750983639e-07,29.0,0.7545787545787546,NO-GO,-1482.699926925383
