method,mae_mean,mae_std,mae_median,time_mean_sec
trss,18.279898828231925,5.79461730670086,17.434873685930754,0.07633006666825774
tv,34.36872713539125,1.320235976419805,34.30204656330342,0.3033440833314671
graph_time_tikhonov,125.59092326103548,24.66414801841183,123.94565632986888,0.019718849999965943
temporal_laplacian,178.69791244769826,16.162586762459746,175.72227284594615,5.993422083331097
