comparison,tv_median,instant_median,u_statistic,p_value,decision,gain_pct
TV_vs_Instant,0.15975302975864114,0.0967553566654862,243.0,0.7577089171226375,NO-GO,-65.11026909957842
