method,mae_mean,mae_std,mae_median,time_mean_sec
trss,0.08350433333952413,0.005116392187728694,0.08404630596635565,0.0032241999991432144
tv,0.12272490954519095,0.009953563585066447,0.12398141849965427,0.06708903333249812
graph_time_tikhonov,0.2143520114719322,0.025789822628754316,0.20907589434894774,0.0033958999968793555
temporal_laplacian,0.3911446246765801,0.02966674112214715,0.3851322628191226,1.815724283333111
