method,mae_mean,mae_std,mae_median,time_mean_sec
tv,0.04338917213126267,0.00034118805905324474,0.04336173856554666,0.38806848333236604
trss,0.07700568721932183,0.005278798419672415,0.07772958799544359,0.13849326666725878
graph_time_tikhonov,0.10469103110995748,0.01355578408673398,0.10324867413036057,0.014733050001571732
temporal_laplacian,0.12620042634568743,0.007357662012772885,0.12531743331845852,11.562574483332961
