method,mae_mean,mae_std,mae_median,time_mean_sec
trss,0.0299192356227872,0.0011646828310849639,0.02962378754392025,0.019454283336623728
tv,0.07392383586346177,0.0019235657792742895,0.07425592186979621,0.14908311666416316
graph_time_tikhonov,0.12439950200546623,0.0229793990455953,0.12096372994549216,0.008223299999372102
temporal_laplacian,0.34587949384437705,0.067528290287774,0.3373190194233727,1.9539004666658002
