method,mae_mean,mae_std,mae_median,time_mean_sec
trss,63.11397467624515,0.6966967319885673,63.11397467624515,0.28900594999140594
tv,65.91676814868103,1.034067258145667,65.91676814868103,0.2686217000009492
mean,73.33766084558823,0.8226507155449488,73.33766084558823,0.014769000001251698
nearest,112.38489583333333,0.20218834524552542,112.38489583333333,0.010978099991916679
tikhonov,141.79482133993716,0.11463726463956483,141.79482133993716,0.006451399996876717
graph_time_tikhonov,197.35404779442302,0.1424075190276142,197.35404779442302,0.014852650005195756
temporal_laplacian,232.21950541969449,1.2776965369705304,232.21950541969449,27.54657540000335
