comparison,tv_median,instant_median,u_statistic,p_value,decision,gain_pct
TV_vs_Instant,2.805063299941963e-06,8.959341885750753e-07,30.0,0.7932067932067932,NO-GO,-213.08809683925918
