method,mae_mean,mae_std,mae_median,time_mean_sec
tv,7.716310854809297,0.3118353770440978,7.716310854809297,0.6083585500091431
trss,7.880719887382048,0.09600237630418751,7.880719887382048,0.2833360999939032
mean,10.666451539855073,0.5997757858447568,10.666451539855073,0.0035746000066865236
nearest,16.767252604166664,0.2761215152055257,16.767252604166664,0.00443375000031665
tikhonov,98.68219927717706,0.08664433140399443,98.68219927717706,0.015686149999964982
graph_time_tikhonov,180.0699431232668,0.0025111926588834376,180.0699431232668,0.017074649993446656
temporal_laplacian,211.0597761015365,0.3885822852060488,211.0597761015365,13.96071844999824
