comparison,tv_median,instant_median,u_statistic,p_value,decision,gain_pct
TV_vs_Instant,2.991036916965822e-06,8.959341885750753e-07,30.0,0.7932067932067932,NO-GO,-233.84560552632445
