comparison,tv_median,instant_median,u_statistic,p_value,decision,gain_pct
TV_vs_Instant,0.2960716273809386,0.28774340729536985,21.0,0.3772893772893773,NO-GO,-2.8943217722516983
