comparison,tv_median,instant_median,u_statistic,p_value,decision,gain_pct
TV_vs_Instant,0.13889031242292446,0.07163975607443746,285.0,0.9613391189437808,NO-GO,-93.87323468635232
