comparison,tv_median,instant_median,u_statistic,p_value,decision,gain_pct
TV_vs_Instant,6.6946827096057746e-06,3.5242187499999997e-06,24.0,0.5251415251415251,NO-GO,-89.96217841488344
