method,mae_mean,mae_std,mae_median,time_mean_sec
trss,95.82807883417804,0.21466622418758582,95.82807883417804,0.2580048999952851
mean,105.35975632440477,0.2935098181208715,105.35975632440477,0.019368300003407057
tv,108.3357000710719,4.992689273722651,108.3357000710719,0.4486654000065755
nearest,157.56595052083333,0.4464532268194698,157.56595052083333,0.028731549995427486
tikhonov,164.45580898802615,0.6246259254335892,164.45580898802615,0.010190299995883834
graph_time_tikhonov,206.8305476113906,0.14934337317359156,206.8305476113906,0.012459300000045914
temporal_laplacian,243.14774734676757,0.16115795472336492,243.14774734676757,22.023851099998865
