method,mae_mean,mae_std,mae_median,time_mean_sec
mean,0.0895007328643679,0.0027894195981509736,0.0895007328643679,0.0021430999986478128
tv,0.08955724261388553,0.0028993018861260115,0.08955724261388553,0.1518403500012937
nearest,0.09924932538578515,0.008234015410152203,0.09924932538578515,0.00902209999912884
trss,0.11113204511212146,0.00539367753155163,0.11113204511212146,0.020359199996164534
tikhonov,0.11947341189601174,0.0024248421474223265,0.11947341189601174,0.007449299999279901
temporal_laplacian,0.15626958254446327,0.007691877271701877,0.15626958254446327,2.3711681999993743
graph_time_tikhonov,0.16134994683303755,0.005587178332718212,0.16134994683303755,0.008085250003205147
