method,mae_mean,mae_std,mae_median,time_mean_sec
trss,0.014686071031993181,0.001824249146035867,0.014192065434541573,0.01958566666629243
tv,0.029164520566434298,0.00040105011461529747,0.029164315233617434,0.15766286666863985
graph_time_tikhonov,0.17648158035776004,0.00904215858966415,0.17534161971500134,0.008146100000885781
temporal_laplacian,0.38744320970362606,0.09546188909158478,0.38499309070534904,1.8031448499993228
