method,mae_mean,mae_std,mae_median,time_mean_sec
tv,59.34500520495419,3.2449353402484546,59.34500520495419,0.3488803000000189
trss,60.15354664142599,0.3412871482335558,60.15354664142599,0.20456004999869037
mean,73.33766084558823,0.8226507155449488,73.33766084558823,0.0033183000050485134
nearest,112.38489583333333,0.20218834524552542,112.38489583333333,0.009890250003081746
tikhonov,118.88832358689599,0.0551235869287577,118.88832358689599,0.05298949999269098
graph_time_tikhonov,173.31230836830446,0.015277325818800423,173.31230836830446,0.019233500002883375
temporal_laplacian,204.83792439327465,0.6658893758769413,204.83792439327465,24.786546850002196
