comparison,tv_median,instant_median,u_statistic,p_value,decision,gain_pct
TV_vs_Instant,2.533203972208753e-06,3.412475007953066e-07,30.0,0.7932067932067932,NO-GO,-642.3362709777812
