comparison,tv_median,instant_median,u_statistic,p_value,decision,gain_pct
TV_vs_Instant,0.1283872579847539,0.08663540686764676,300.0,0.984130733256998,NO-GO,-48.19259541412623
