comparison,tv_median,instant_median,u_statistic,p_value,decision,gain_pct
TV_vs_Instant,1.8512082576688786e-06,1.0384447434369257e-06,35.0,0.929070929070929,NO-GO,-78.26738200262453
