comparison,tv_median,instant_median,u_statistic,p_value,decision,gain_pct
TV_vs_Instant,1.3150388718526562e-06,4.4592690846276663e-07,35.0,0.929070929070929,NO-GO,-194.90009391583004
