comparison,tv_median,instant_median,u_statistic,p_value,decision,gain_pct
TV_vs_Instant,9.963494018294062e-06,7.492452405487028e-06,25.0,0.5740925740925741,NO-GO,-32.980411206848515
