comparison,tv_median,instant_median,u_statistic,p_value,decision,gain_pct
TV_vs_Instant,0.22515005273676603,0.15915033760911335,25.0,0.5740925740925741,NO-GO,-41.47004405969502
