comparison,tv_median,instant_median,u_statistic,p_value,decision,gain_pct
TV_vs_Instant,1.6419315911556273e-06,7.329666405393366e-07,35.0,0.929070929070929,NO-GO,-124.0117762995939
