comparison,tv_median,instant_median,u_statistic,p_value,decision,gain_pct
TV_vs_Instant,1.14473120123563e-05,1.1174479166666669e-06,25.0,0.5740925740925741,NO-GO,-924.4157102644648
