method,mae_mean,mae_std,mae_median,time_mean_sec
tv,6.330763689873631,0.8033322982794183,6.330763689873631,0.9040190000014263
trss,7.231100474950671,0.258233033203546,7.231100474950671,0.4153803000008338
mean,10.666451539855073,0.5997757858447568,10.666451539855073,0.00420434999250574
nearest,16.767252604166664,0.2761215152055257,16.767252604166664,0.00479444999655243
tikhonov,129.40645660992033,0.17391101195558997,129.40645660992033,0.0809196999980486
graph_time_tikhonov,202.83218144621628,0.0060322440965061164,202.83218144621628,0.04526774999976624
temporal_laplacian,263.7135653647198,0.20974184085331496,263.7135653647198,16.15059879999899
