comparison,tv_median,instant_median,u_statistic,p_value,decision,gain_pct
TV_vs_Instant,110.1201620098877,80.70852864583333,24.0,0.5251415251415251,NO-GO,-36.441791044313355
