method,mae_mean,mae_std,mae_median,time_mean_sec
nearest,0.018727333679847767,0.0008701670353293263,0.018727333679847767,0.02103559999522986
mean,0.022590059361718706,0.0011393985860608958,0.022590059361718706,0.0030292999945231713
tv,0.02259005944037877,0.00113939862335127,0.02259005944037877,0.6805644499982009
trss,0.038530639166976674,0.0013610230062933873,0.038530639166976674,0.28796454999246635
temporal_laplacian,0.18014742040579299,0.0016761520522686655,0.18014742040579299,22.404397700003756
graph_time_tikhonov,0.20321536306535742,0.002186583701657326,0.20321536306535742,0.029309250006917864
tikhonov,0.2073931676207304,0.0019655592619483736,0.2073931676207304,0.008841800001391675
