method,mae_mean,mae_std,mae_median,time_mean_sec
trss,18.502646613145433,5.691672469913625,17.691472432949894,0.05837890000354188
tv,39.868317581775486,1.12794997519507,39.547665455237166,0.1757632833371948
graph_time_tikhonov,138.80209443892156,25.961125371504966,138.13359834667293,0.010450016670802142
temporal_laplacian,184.4083822863528,18.417339955337173,181.69314338221596,4.9243262666714145
