method,mae_mean,mae_std,mae_median,time_mean_sec
trss,0.03666259543901337,0.0044165944349560445,0.03560171468338194,0.01964268333783063
tv,0.06737437079333967,0.001699443104714784,0.06737469860653734,0.15702434999548132
graph_time_tikhonov,0.22822300333051057,0.03744769603556703,0.22555335704875368,0.008151433336024638
temporal_laplacian,0.42111515731976645,0.08635940844936545,0.41811468803673957,1.678239833333161
