comparison,tv_median,instant_median,u_statistic,p_value,decision,gain_pct
TV_vs_Instant,1.1163466065580763e-05,3.5242187499999997e-06,25.0,0.5740925740925741,NO-GO,-216.76427763119884
