comparison,tv_median,instant_median,u_statistic,p_value,decision,gain_pct
TV_vs_Instant,0.18649830130579154,0.15542782457753396,243.0,0.7577089171226375,NO-GO,-19.990292479940305
