method,mae_mean,mae_std,mae_median,time_mean_sec
nearest,1.352856953938802e-06,2.1264489968696457e-08,1.352856953938802e-06,0.008569099998567253
trss,1.4364220160262493e-06,2.2546915089761197e-09,1.4364220160262493e-06,0.02010000000882428
mean,1.459331058320545e-06,6.270166583037678e-09,1.459331058320545e-06,0.0020432500023161992
tv,1.4593887540876817e-06,6.27976388238104e-09,1.4593887540876817e-06,0.1455677999983891
tikhonov,1.9334198328535106e-06,8.270925297641727e-09,1.9334198328535106e-06,0.006056300000636838
graph_time_tikhonov,2.6248698553649684e-06,3.5674202247822043e-09,2.6248698553649684e-06,0.007950099992740434
temporal_laplacian,5.032237743266568e-06,1.183859510089542e-08,5.032237743266568e-06,1.2738600000011502
