comparison,tv_median,instant_median,u_statistic,p_value,decision,gain_pct
TV_vs_Instant,6.882600712222108e-06,1.1174479166666669e-06,25.0,0.5740925740925741,NO-GO,-515.9213874372615
