method,mae_mean,mae_std,mae_median,time_mean_sec
tv,0.11603219701177635,0.007330702853026292,0.11586962113689489,0.12446560000292568
trss,0.1209664503386979,0.0045116764971099114,0.12103423227523358,0.0030550499989961586
graph_time_tikhonov,0.18129680529047643,0.007989401321925427,0.18217616528734085,0.00345983333439411
temporal_laplacian,0.3496524499071291,0.006403583928745743,0.3479321474001173,6.070931716669293
