comparison,tv_median,instant_median,u_statistic,p_value,decision,gain_pct
TV_vs_Instant,0.05119293673464027,0.026110778379412017,236.0,0.6988294257635226,NO-GO,-96.06055396266999
