comparison,tv_median,instant_median,u_statistic,p_value,decision,gain_pct
TV_vs_Instant,1.6076210649691046e-06,2.9445792689467924e-07,31.0,0.8275058275058275,NO-GO,-445.95951344319326
