comparison,tv_median,instant_median,u_statistic,p_value,decision,gain_pct
TV_vs_Instant,0.3672302889269119,0.36253833060444074,27.0,0.668997668997669,NO-GO,-1.2941964825204844
