method,mae_mean,mae_std,mae_median,time_mean_sec
trss,7.5755820638350215,0.1252314699210471,7.5755820638350215,0.25511449999612523
tv,19.948911332911372,0.4036690335928432,19.948911332911372,0.4768316000045161
mean,20.418442234848484,0.16738543335900405,20.418442234848484,0.03436669999064179
nearest,33.24876302083334,0.4580541974483161,33.24876302083334,0.02086925000185147
tikhonov,161.94342403253899,0.7577656322305214,161.94342403253899,0.02044719999685185
graph_time_tikhonov,163.8110847286013,0.9300198773947025,163.8110847286013,0.01444574999914039
temporal_laplacian,288.6746643136379,0.058997086220629574,288.6746643136379,9.736156899991329
