comparison,tv_median,instant_median,u_statistic,p_value,decision,gain_pct
TV_vs_Instant,0.33169655485811567,0.30754620699891455,26.0,0.6227106227106227,NO-GO,-7.852591678780272
