method,mae_mean,mae_std,mae_median,time_mean_sec
tv,52.005882086208274,1.9962313915944032,52.005882086208274,0.3130585000035353
trss,59.77573048016029,1.0816165698140872,59.77573048016029,0.39805969999724766
mean,73.33766084558823,0.8226507155449488,73.33766084558823,0.002555600003688596
nearest,112.38489583333333,0.20218834524552542,112.38489583333333,0.012275450004381128
tikhonov,137.72946449547214,0.164060167139158,137.72946449547214,0.010478249998413958
graph_time_tikhonov,196.4352668594844,0.030042284016405855,196.4352668594844,0.029031049998593517
temporal_laplacian,243.2997138060429,1.3869491862912047,243.2997138060429,23.009466300005442
