method,mae_mean,mae_std,mae_median,time_mean_sec
trss,0.043354188169404395,0.023701629083670548,0.033622115828509394,0.01981144999930014
tv,0.04815603716591497,0.021179831678001575,0.0390151529150091,0.19165756666431358
mean,0.04815603717683714,0.021179831673181247,0.03901515292715881,0.002152133335281784
nearest,0.057605956864539544,0.03122501154549925,0.04534122869188473,0.004156799996659781
tikhonov,0.20681528103943447,0.09095349012259704,0.1675842206098385,0.005681900001945905
graph_time_tikhonov,0.3007515758024955,0.09419682248849544,0.25636794075901076,0.008122116666830456
temporal_laplacian,0.727051053863582,0.0010759224284498103,0.7272548318420695,2.227476283335515
