comparison,tv_median,instant_median,u_statistic,p_value,decision,gain_pct
TV_vs_Instant,0.14796499272190863,0.09924932538578515,26.0,0.6227106227106227,NO-GO,-49.08412943540341
