comparison,tv_median,instant_median,u_statistic,p_value,decision,gain_pct
TV_vs_Instant,2.9608153345487507e-06,8.959341885750753e-07,28.0,0.7136197136197137,NO-GO,-230.47241329831755
