method,mae_mean,mae_std,mae_median,time_mean_sec
trss,0.030465601893406042,0.001402118594886396,0.03015232097445124,0.018926233332119107
tv,0.07603795778150602,0.0009813589206509273,0.07622787766847391,0.14576823333482025
graph_time_tikhonov,0.14130600550046876,0.02915949111762669,0.13746860864909838,0.00871585000277264
temporal_laplacian,0.3754024503804289,0.07517355749607993,0.36822921891695093,1.6122131666682737
