comparison,tv_median,instant_median,u_statistic,p_value,decision,gain_pct
TV_vs_Instant,0.4757662574180649,0.48967317799754695,26.0,0.6227106227106227,NO-GO,2.84004131824262
