method,mae_mean,mae_std,mae_median,time_mean_sec
trss,15.419661771018523,0.8590506053203405,15.12696358289772,0.04382469999836758
tv,51.79544542426486,0.05404613449125853,51.79544407347427,0.2618155000018305
graph_time_tikhonov,143.11887221763544,0.12033094999049607,143.11878990524565,0.011529716665487891
temporal_laplacian,291.025966561687,0.05395881979558504,291.0259295919136,6.212822366665932
