method,mae_mean,mae_std,mae_median,time_mean_sec
tv,0.03831203241750095,0.002172627860943771,0.03834602757522221,0.153026433334162
trss,0.0637686081189589,0.007429095467046754,0.06331490409406641,0.018751016667617176
graph_time_tikhonov,0.10904815801467105,0.01749623610924423,0.10742263847052472,0.00854093333085378
temporal_laplacian,0.13339166505424493,0.007760127649318806,0.13247245628388546,2.1193712833337486
