comparison,tv_median,instant_median,u_statistic,p_value,decision,gain_pct
TV_vs_Instant,0.40319589136463696,0.36473105704836895,22.0,0.4259074259074259,NO-GO,-10.546081440815442
