method,mae_mean,mae_std,mae_median,time_mean_sec
trss,0.022705079780664886,0.005999882387341907,0.021642992297547705,0.0191116333323104
tv,0.06879902314086354,0.0005705628167882563,0.06879901952000925,0.19440935000117557
graph_time_tikhonov,0.21516598468470627,0.044938397451068514,0.21297168658208443,0.00809434999973746
temporal_laplacian,0.3594027980588635,0.06952953682062085,0.35537061599453845,1.8390227500058245
