method,mae_mean,mae_std,mae_median,time_mean_sec
trss,1.9159393728574487e-06,1.2266355535472617e-07,1.883150761540646e-06,0.06780125000417077
tv,5.1500601513036325e-06,3.534872011234687e-08,5.158184806734858e-06,0.15842798333324026
graph_time_tikhonov,8.417897439650696e-06,1.7176108592753702e-06,8.205047324032378e-06,0.009294966667463692
temporal_laplacian,2.173514774611223e-05,4.279021231461937e-06,2.145699133902703e-05,4.537276933333487
