method,mae_mean,mae_std,mae_median,time_mean_sec
tv,0.04335730236766033,0.00041385792702724295,0.04330363405217026,0.1459726499961107
trss,0.07502324601039097,0.00584560508293243,0.07540673807118689,0.02015318332996685
graph_time_tikhonov,0.10613273802193106,0.014555657476994485,0.1046641654182085,0.008040550002381982
temporal_laplacian,0.12690443449238256,0.007520990263971068,0.12605798989457118,1.4095989666626945
