comparison,tv_median,instant_median,u_statistic,p_value,decision,gain_pct
TV_vs_Instant,0.2050984743223997,0.1064723413487566,265.0,0.8958245908594913,NO-GO,-92.63075435768545
