method,mae_mean,mae_std,mae_median,time_mean_sec
trss,0.014867921221737815,0.0028005449409002057,0.01336174221925053,0.021689233333745506
tv,0.01570340951148345,0.005100029128515001,0.01329786811640899,0.18545951666601468
mean,0.01838230288157962,0.0020721085204935524,0.01725164749308386,0.002128683333770217
nearest,0.027268869074712668,0.0020306434250651146,0.026110778379412017,0.0046493499976349995
tikhonov,0.05106120206769857,0.0051460654832287565,0.048211303540144815,0.005707966668220858
graph_time_tikhonov,0.08349845809952135,0.009350748824273137,0.0783273337373574,0.008319316664710641
temporal_laplacian,0.09965384196106518,0.008421145937477992,0.09510360893113536,1.7063696999975946
