comparison,tv_median,instant_median,u_statistic,p_value,decision,gain_pct
TV_vs_Instant,0.08067049398292973,0.018224446026311514,32.0,0.8588078588078588,NO-GO,-342.6499102714115
