method,mae_mean,mae_std,mae_median,time_mean_sec
trss,0.05763458954861708,0.021863382773914943,0.04798910018290156,0.02139618333603721
tv,0.0836511677412675,0.009395667246733248,0.07897488485752535,0.14413764999820464
mean,0.08517947864378413,0.00904321126954746,0.08066247950563735,0.0023523499936951944
nearest,0.1016505119963283,0.015156892897431216,0.09422244719695572,0.004700999998021871
tikhonov,0.13883015148173916,0.037617863997305614,0.12149981472042348,0.005813949998506966
graph_time_tikhonov,0.25813405351117574,0.06337947128942839,0.2281843723176244,0.008115733333397657
temporal_laplacian,0.5593688447697275,0.005353528503156868,0.5569506007311049,2.1886821166675268
