method,mae_mean,mae_std,mae_median,time_mean_sec
trss,16.081632415119103,0.5072275033217243,16.081632415119103,0.5107705999907921
tv,17.14363059870833,1.7762065207691948,17.14363059870833,0.76056465000147
mean,20.418442234848484,0.16738543335900405,20.418442234848484,0.0034240000022691675
nearest,33.24876302083334,0.4580541974483161,33.24876302083334,0.005039949995989446
tikhonov,83.11060111096774,0.42030449350702637,83.11060111096774,0.028441800001019146
graph_time_tikhonov,158.61210786733508,0.03884300021277664,158.61210786733508,0.023851250000006985
temporal_laplacian,194.44169303888543,0.21107600880967542,194.44169303888543,21.156080000007933
