comparison,tv_median,instant_median,u_statistic,p_value,decision,gain_pct
TV_vs_Instant,0.18019845716100372,0.0966103839335917,286.0,0.9634221585193405,NO-GO,-86.52079603044432
