comparison,tv_median,instant_median,u_statistic,p_value,decision,gain_pct
TV_vs_Instant,1.0199621125349737e-05,6.694399515787761e-06,25.0,0.5740925740925741,NO-GO,-52.360508232223424
