comparison,tv_median,instant_median,u_statistic,p_value,decision,gain_pct
TV_vs_Instant,0.049733306208305496,0.026110778379412017,236.0,0.6988294257635226,NO-GO,-90.47040837173782
