comparison,tv_median,instant_median,u_statistic,p_value,decision,gain_pct
TV_vs_Instant,120.02915285607762,80.70852864583333,24.0,0.5251415251415251,NO-GO,-48.719292582809665
