comparison,tv_median,instant_median,u_statistic,p_value,decision,gain_pct
TV_vs_Instant,1.3745432629668158e-05,5.825585937499999e-06,25.0,0.5740925740925741,NO-GO,-135.9493581784993
