comparison,tv_median,instant_median,u_statistic,p_value,decision,gain_pct
TV_vs_Instant,157.72358764314515,156.20557322764313,28.0,0.7136197136197137,NO-GO,-0.9718055406958972
