comparison,tv_median,instant_median,u_statistic,p_value,decision,gain_pct
TV_vs_Instant,0.14322200042150063,0.07503287350383431,265.0,0.8958245908594913,NO-GO,-90.87900240710059
