method,mae_mean,mae_std,mae_median,time_mean_sec
trss,0.07370378841441773,0.024354344902389004,0.06386368909765856,0.021181533336251352
tv,0.08437079676742043,0.0173989304183284,0.07705507010193663,0.1546497833308725
mean,0.08449179811672758,0.01734998862346627,0.07718988578310898,0.002098633330509377
nearest,0.09303683302622658,0.03171604335911418,0.08142601519268045,0.0042538666651428985
tikhonov,0.17967556941246587,0.04622348578514834,0.16025970761304725,0.005826150001666974
graph_time_tikhonov,0.31939602592724897,0.08438304592732702,0.28449760425388887,0.008224149998568464
temporal_laplacian,0.4851788514059831,0.04589329185742135,0.4657970187877839,2.2315934166690568
