method,mae_mean,mae_std,mae_median,time_mean_sec
tv,0.06418682670246843,0.001483483789810353,0.06418682670246843,0.18704909999360098
mean,0.06419178702913692,0.0014674497028551877,0.06419178702913692,0.003571200002625119
nearest,0.06506673670474344,0.0028735929329495435,0.06506673670474344,0.009987749996071216
trss,0.07864960235980487,0.006038768372149484,0.07864960235980487,0.019368949993804563
tikhonov,0.11861938931527688,0.0009492370724921006,0.11861938931527688,0.005910900006711017
temporal_laplacian,0.1565286573102201,0.004755772388848737,0.1565286573102201,22.217688999997335
graph_time_tikhonov,0.16904317271587885,0.00182717414897801,0.16904317271587885,0.009105649995035492
