comparison,tv_median,instant_median,u_statistic,p_value,decision,gain_pct
TV_vs_Instant,0.2787450512764976,0.15915033760911335,25.0,0.5740925740925741,NO-GO,-75.14574927331853
