comparison,tv_median,instant_median,u_statistic,p_value,decision,gain_pct
TV_vs_Instant,121.20925663478243,80.70852864583333,24.0,0.5251415251415251,NO-GO,-50.181472353033676
