comparison,tv_median,instant_median,u_statistic,p_value,decision,gain_pct
TV_vs_Instant,0.23734681784949746,0.1683791525340924,235.0,0.6899188550628998,NO-GO,-40.959741320375684
