method,mae_mean,mae_std,mae_median,time_mean_sec
trss,0.07665735439248554,0.005894100646039263,0.07720230301739187,0.0025953999987298935
tv,0.134055392732652,0.005744715021086487,0.13405539272989778,0.0515535333349059
graph_time_tikhonov,0.5298949532200409,0.0038768661323087456,0.5298948932364494,0.002610533330880571
temporal_laplacian,0.8236528726654188,6.869010887181108e-05,0.8236528020393423,0.01757016666427565
