comparison,tv_median,instant_median,u_statistic,p_value,decision,gain_pct
TV_vs_Instant,8.133932599158372e-06,4.730170567830404e-06,25.0,0.5740925740925741,NO-GO,-71.95854742483796
