comparison,tv_median,instant_median,u_statistic,p_value,decision,gain_pct
TV_vs_Instant,0.14220568439268808,0.07503287350383431,274.0,0.9314742447553445,NO-GO,-89.52450806168461
