comparison,tv_median,instant_median,u_statistic,p_value,decision,gain_pct
TV_vs_Instant,9.634444054540876e-06,6.694399515787761e-06,25.0,0.5740925740925741,NO-GO,-43.917972505516744
