method,mae_mean,mae_std,mae_median,time_mean_sec
tv,40.32086707482328,1.9962357845659937,40.32086707482328,0.41018754999822704
trss,40.456135332731925,0.28475327786952026,40.456135332731925,0.31595424999977695
mean,52.703248355263156,0.07191244951211984,52.703248355263156,0.00308134999795584
nearest,80.70852864583333,0.08645485254351448,80.70852864583333,0.009025950006616767
tikhonov,137.58878112234632,0.011857696692340722,137.58878112234632,0.01850729999569012
graph_time_tikhonov,200.73190375836805,0.06478430833804079,200.73190375836805,0.040030349999142345
temporal_laplacian,243.70912434538354,0.6135530738176399,243.70912434538354,15.318856149999192
