comparison,tv_median,instant_median,u_statistic,p_value,decision,gain_pct
TV_vs_Instant,0.17221108647199934,0.1420052152644426,24.0,0.5251415251415251,NO-GO,-21.27095906393809
