comparison,tv_median,instant_median,u_statistic,p_value,decision,gain_pct
TV_vs_Instant,8.895136413846042e-06,6.694399515787761e-06,25.0,0.5740925740925741,NO-GO,-32.87429877568802
