comparison,tv_median,instant_median,u_statistic,p_value,decision,gain_pct
TV_vs_Instant,3.3019845154209772e-06,1.7740136101132347e-06,32.0,0.8588078588078588,NO-GO,-86.13073183864766
