method,mae_mean,mae_std,mae_median,time_mean_sec
tv,12.284714192109934,0.48933444197413845,12.284714192109934,0.534786800002621
trss,14.091405815444155,0.17251578526389572,14.091405815444155,0.14565705000131857
mean,20.418442234848484,0.16738543335900405,20.418442234848484,0.004033050005091354
nearest,33.24876302083334,0.4580541974483161,33.24876302083334,0.024369849998038262
tikhonov,134.36222995780463,0.044031785503999485,134.36222995780463,0.013061750003544148
graph_time_tikhonov,204.67623379103838,0.08348971998144458,204.67623379103838,0.031804899997951
temporal_laplacian,265.8244732783579,0.11692999202799643,265.8244732783579,23.4561276500026
