method,mae_mean,mae_std,mae_median,time_mean_sec
trss,19.308431359350756,6.153428013058388,18.457636229783304,0.12884846667050928
tv,43.4016282067,2.6032006636254708,42.29076987716266,0.3899388500018783
graph_time_tikhonov,128.9399415260357,24.208797582068406,127.56488801393883,0.014032933337148279
temporal_laplacian,175.01830216616293,13.743113641838882,172.49161315104658,14.277482766667768
