method,mae_mean,mae_std,mae_median,time_mean_sec
tv,0.043135547930415526,0.000956626507994759,0.043220928381804774,0.14531268333424427
trss,0.05344648126129989,0.0008659820098455469,0.053589722567532076,0.019135016661797028
graph_time_tikhonov,0.0784723785575945,0.004901719489837957,0.07886728886444211,0.00800106666671733
temporal_laplacian,0.11300202491056437,0.003580026958583849,0.11339832975819383,1.7641884166635766
