method,mae_mean,mae_std,mae_median,time_mean_sec
trss,18.502646613145433,5.691672469913625,17.691472432949894,0.020593399999294586
tv,39.868317581775486,1.12794997519507,39.547665455237166,0.2125856999991811
graph_time_tikhonov,138.80209443892156,25.961125371504966,138.13359834667293,0.009230016667667465
temporal_laplacian,184.4083822863528,18.417339955337173,181.69314338221596,15.12452564999694
