comparison,tv_median,instant_median,u_statistic,p_value,decision,gain_pct
TV_vs_Instant,0.19322814739585623,0.08975230065886486,285.0,0.9613391189437808,NO-GO,-115.29046718288333
