comparison,tv_median,instant_median,u_statistic,p_value,decision,gain_pct
TV_vs_Instant,2.706478489221864e-06,8.959341885750753e-07,32.0,0.8588078588078588,NO-GO,-202.08451957016402
