method,mae_mean,mae_std,mae_median,time_mean_sec
trss,0.015879811735961227,0.0014711787356289016,0.015355359858765651,0.019708116667364568
tv,0.029163165219579807,0.00040167659626918616,0.029162558297618383,0.14683328333436899
graph_time_tikhonov,0.16987108785213023,0.006379957177403271,0.16855773402534407,0.00825750000270394
temporal_laplacian,0.30725446881069035,0.08390860283636388,0.30036221687631504,1.2910395499978524
