method,mae_mean,mae_std,mae_median,time_mean_sec
trss,0.03094695339615924,0.0016940949046012038,0.03060453039424782,0.01891553333310488
tv,0.07722016485169737,0.0004653721488120298,0.0771905657004362,0.15226649999870764
graph_time_tikhonov,0.18744180638861685,0.04285524173469992,0.18367529049986558,0.008064550000805562
temporal_laplacian,0.4502095846298166,0.09088973878293026,0.4477543028932972,1.275783316671247
