comparison,tv_median,instant_median,u_statistic,p_value,decision,gain_pct
TV_vs_Instant,130.51158434692277,112.38489583333333,28.0,0.7136197136197137,NO-GO,-16.129114485696817
