method,mae_mean,mae_std,mae_median,time_mean_sec
trss,91.08234462494369,0.2730736757824026,91.08234462494369,0.3310230999995838
tv,93.86230646138938,7.6795774167132445,93.86230646138938,0.8832509999992908
mean,105.35975632440477,0.2935098181208715,105.35975632440477,0.01330710000183899
nearest,157.56595052083333,0.4464532268194698,157.56595052083333,0.061492699998780154
tikhonov,159.9070012619686,0.22725263274022262,159.9070012619686,0.021382400002039503
graph_time_tikhonov,205.69906456286117,0.07449963057516581,205.69906456286117,0.05313695000222651
temporal_laplacian,254.3132576371127,0.27580271500826326,254.3132576371127,14.121534049998445
