comparison,tv_median,instant_median,u_statistic,p_value,decision,gain_pct
TV_vs_Instant,2.1362667911559253e-06,1.459331058320545e-06,35.0,0.929070929070929,NO-GO,-46.386714582393964
