comparison,tv_median,instant_median,u_statistic,p_value,decision,gain_pct
TV_vs_Instant,3.187668323608654e-06,1.2420949748918119e-06,31.0,0.8275058275058275,NO-GO,-156.63643988949428
