method,mae_mean,mae_std,mae_median,time_mean_sec
trss,43.829906457422354,1.1132536292414432,43.829906457422354,0.09707395000441466
tv,50.92439880124155,1.0693783592241426,50.92439880124155,0.3457335500061163
mean,52.703248355263156,0.07191244951211984,52.703248355263156,0.002643399995577056
nearest,80.70852864583333,0.08645485254351448,80.70852864583333,0.006364849999954458
tikhonov,109.3293323653152,0.7412458782287664,109.3293323653152,0.03897049999795854
graph_time_tikhonov,171.01612739918215,0.3705508529102438,171.01612739918215,0.01138169999467209
temporal_laplacian,205.30571669395363,0.40666887426826465,205.30571669395363,10.305921650004166
