comparison,tv_median,instant_median,u_statistic,p_value,decision,gain_pct
TV_vs_Instant,1.097687693550315e-06,1.5043286309725994e-07,35.0,0.929070929070929,NO-GO,-629.6861011284634
