method,mae_mean,mae_std,mae_median,time_mean_sec
trss,17.65425859219903,5.703559663308108,16.699046049737355,0.03679799999857399
tv,41.59421079031436,1.1571529006679344,41.18254415934102,0.19519584999701087
graph_time_tikhonov,103.90516435454471,19.536158785348935,101.55829595584666,0.009111750002678795
temporal_laplacian,164.98568574032814,7.82666591167584,163.0713996515954,4.630380483329645
