method,mae_mean,mae_std,mae_median,time_mean_sec
trss,0.0326395546688887,0.00331982142539054,0.03180372295975129,0.018727066669574317
tv,0.06736607765309328,0.0016989893045058775,0.0673660776484606,0.185708683328509
graph_time_tikhonov,0.22579379219757192,0.04254994776153231,0.2230976570415317,0.008252499998585941
temporal_laplacian,0.41152142431563754,0.09624310291751399,0.40833072051164576,2.305956400001984
