comparison,tv_median,instant_median,u_statistic,p_value,decision,gain_pct
TV_vs_Instant,0.17732949880902896,0.0966103839335917,269.0,0.9130500522671939,NO-GO,-83.55117906468747
