comparison,tv_median,instant_median,u_statistic,p_value,decision,gain_pct
TV_vs_Instant,0.04572462057456088,0.026110778379412017,238.0,0.7162948528143578,NO-GO,-75.11779966932775
