comparison,tv_median,instant_median,u_statistic,p_value,decision,gain_pct
TV_vs_Instant,1.5477295061084091e-06,2.9445792689467924e-07,29.0,0.7545787545787546,NO-GO,-425.6199153578895
