comparison,tv_median,instant_median,u_statistic,p_value,decision,gain_pct
TV_vs_Instant,2.814082901473845e-06,8.959341885750753e-07,28.0,0.7136197136197137,NO-GO,-214.09482274021258
