comparison,tv_median,instant_median,u_statistic,p_value,decision,gain_pct
TV_vs_Instant,0.1150462851845076,0.06616405220953891,35.0,0.929070929070929,NO-GO,-73.88034943833338
