method,mae_mean,mae_std,mae_median,time_mean_sec
trss,0.06909890195176828,0.013664675092595871,0.062388124361104774,0.01996836666270004
tv,0.08517947662143528,0.009043211723048956,0.08066247728102491,0.18676339999607686
mean,0.08517947864378413,0.00904321126954746,0.08066247950563735,0.0020072833334173388
nearest,0.1016505119963283,0.015156892897431216,0.09422244719695572,0.004173350001413685
tikhonov,0.25319982986288875,0.02580269369687159,0.24031938441075412,0.005739550001938672
graph_time_tikhonov,0.40695003421612097,0.04414625544476682,0.3850054897576529,0.008087799998368913
temporal_laplacian,0.6573085667896469,0.0006459317251192572,0.6572302097370026,1.286430383331511
