comparison,tv_median,instant_median,u_statistic,p_value,decision,gain_pct
TV_vs_Instant,0.23564489251913825,0.08975230065886486,263.0,0.8863379019421483,NO-GO,-162.55025307349996
