comparison,tv_median,instant_median,u_statistic,p_value,decision,gain_pct
TV_vs_Instant,0.11448176290488589,0.06616405220953891,35.0,0.929070929070929,NO-GO,-73.02713343845191
