comparison,tv_median,instant_median,u_statistic,p_value,decision,gain_pct
TV_vs_Instant,0.17191995908323263,0.0966103839335917,275.0,0.9347683573818357,NO-GO,-77.95184335610075
