method,mae_mean,mae_std,mae_median,time_mean_sec
trss,1.298378604783021e-06,1.756842496218675e-08,1.298378604783021e-06,0.3332263000047533
tv,1.8984443849611604e-06,2.5274690606277136e-08,1.8984443849611604e-06,0.8740629000021727
mean,1.8985412234351749e-06,2.5267343421174647e-08,1.8985412234351749e-06,0.0033377500003552996
nearest,2.0867506663004558e-06,3.903584913281004e-08,2.0867506663004558e-06,0.005847649998031557
tikhonov,6.413843464326712e-06,9.457699942363032e-10,6.413843464326712e-06,0.017696700000669807
graph_time_tikhonov,1.102592981906619e-05,4.396981178860148e-09,1.102592981906619e-05,0.019863950001308694
temporal_laplacian,1.6297557619634986e-05,7.081639112933773e-09,1.6297557619634986e-05,21.802222049998818
