comparison,tv_median,instant_median,u_statistic,p_value,decision,gain_pct
TV_vs_Instant,115.68740529950423,80.70852864583333,24.0,0.5251415251415251,NO-GO,-43.33975261420744
