method,mae_mean,mae_std,mae_median,time_mean_sec
tv,0.0383609108894001,0.0020514544022631814,0.03836858711614127,0.1509049333326402
trss,0.06400600439993388,0.005499591817840255,0.06336233103809732,0.019034766667270258
graph_time_tikhonov,0.12948116770149568,0.020815829001446927,0.12883196248335976,0.00806006666001243
temporal_laplacian,0.1380568538501051,0.009037963638675017,0.13736299653237727,1.3178685166688713
