method,mae_mean,mae_std,mae_median,time_mean_sec
trss,9.531141100716866e-07,3.7888121769710304e-08,9.691237802582578e-07,0.017717866668438848
