method,mae_mean,mae_std,mae_median,time_mean_sec
directed_tv,1.2112218209279387e-06,5.081999929342723e-07,1.3968092310445332e-06,0.44075451111226965
