method,mae_mean,mae_std,mae_median,time_mean_sec
nearest,8.179036458333334e-06,6.866659634780993e-08,8.197005208333334e-06,0.006578250001136136
