method,mae_mean,mae_std,mae_median,time_mean_sec
trss,5.020631196035096e-06,6.432845370042872e-08,4.9966363099858905e-06,0.01984531666797314
