method,mae_mean,mae_std,mae_median,time_mean_sec
trss,4.992753161264004e-06,6.981928562553958e-08,4.97576132571419e-06,0.018787783331693692
