method,mae_mean,mae_std,mae_median,time_mean_sec
trss,9.668590700068074e-07,3.548598117111354e-08,9.748883672772343e-07,0.017638683331218392
