method,mae_mean,mae_std,mae_median,time_mean_sec
mean,0.017010828036074163,0.001739849692872088,0.01718908043406841,0.002023666666597516
