method,mae_mean,mae_std,mae_median,time_mean_sec
trss,4.3672925361778487e-07,3.014420960586525e-07,2.464583527450304e-07,0.018042738889764424
