method,mae_mean,mae_std,mae_median,time_mean_sec
trss,1.4004074990752023e-06,1.0767135025975551e-06,1.0149260261856747e-06,0.01809200833304203
