method,mae_mean,mae_std,mae_median,time_mean_sec
trss,7.008765632265074e-07,5.347387260066147e-07,5.355064846103538e-07,0.017230587500307593
