method,mae_mean,mae_std,mae_median,time_mean_sec
trss,0.23132407001918184,0.005863005666258003,0.23084852771989506,0.0026130999964758908
