method,mae_mean,mae_std,mae_median,time_mean_sec
heat_diffusion_temporal,8.757421490369378e-07,5.903726718568906e-07,5.228256121814955e-07,0.042636583333256164
