method,mae_mean,mae_std,mae_median,time_mean_sec
gsp,1.281570354639892e-06,4.303513331318836e-08,1.298275457589782e-06,0.0048374666657764465
