method,mae_mean,mae_std,mae_median,time_mean_sec
trss,2.289050930462855e-06,1.413208175850279e-06,1.4155268123210379e-06,0.020971850000528827
