comparison,tv_median,instant_median,u_statistic,p_value,decision,gain_pct
TV_vs_Instant,3.2235535973876455e-06,5.490122869306082e-06,37.0,0.023193296640699322,GO,41.28449081878047
