method,mae_mean,mae_std,mae_median,time_mean_sec
tv,0.06417218076512458,0.0015019352811448383,0.06417218076512458,0.1851393500000995
