method,mae_mean,mae_std,mae_median,time_mean_sec
tv,0.08199956207622242,0.002009132133131738,0.08199956207622242,0.25704010000026756
