comparison,tv_median,instant_median,u_statistic,p_value,decision,gain_pct
TV_vs_Instant,8.234123791046283e-06,4.5335372123701955e-06,17161.0,0.9999239478760578,NO-GO,-81.62691526119336
