comparison,tv_median,instant_median,u_statistic,p_value,decision,gain_pct
TV vs Instant,2.122062868212234e-07,3.0385371844844995e-07,0.0,1.325897385024288e-07,GO,30.161694941631893
