comparison,tv_median,instant_median,u_statistic,p_value,decision,gain_pct
TV_vs_Instant,1.8479112913600607e-06,3.272574513753255e-06,38.0,0.026548978642791713,GO,43.53340822052893
