method,mae_mean,mae_std,mae_median,time_mean_sec
trss,30.10916715194157,0.8185008047258745,30.343528124730014,0.019019800009118626
