method,mae_mean,mae_std,mae_median,time_mean_sec
trss,0.373892368195316,0.017052044161765208,0.37325092468022086,0.002640675000293413
