method,mae_mean,mae_std,mae_median,time_mean_sec
trss,92.8947243123859,1.3179341059928829,93.14014930640079,0.019679300003190292
