method,mae_mean,mae_std,mae_median,time_mean_sec
trss,7.508886820606595e-07,2.010498684039895e-08,7.543589821056727e-07,0.017762999999831663
