method,mae_mean,mae_std,mae_median,time_mean_sec
tv,0.04386761775432732,0.0010504869363221739,0.04371603693535944,0.1562651750027726
