method,mae_mean,mae_std,mae_median,time_mean_sec
trss,5.5735038802466e-07,7.53537151504597e-09,5.566213390517048e-07,0.016831850003654836
