method,mae_mean,mae_std,mae_median,time_mean_sec
trss,45.45100704263061,0.5623386552967856,45.39712130665009,0.019308199996885378
