dataset,graph,method,missing_ratio,seed,mae,rmse,snr,dtw,params,error,n_missing_ch,time_sec
iris_graph_signal,aew,trss,3ch,0,0.3356049212237357,0.579663147117645,6.115282355935295,3.1335073088946093,"{""alpha"": 0.7, ""beta"": 0.2, ""n_iter"": 60, ""lr"": 0.03}",,3,0.0025910000113071874
iris_graph_signal,aew,trss,3ch,1,0.3308362007856551,0.5817842060299756,6.457730345445708,3.20924994380088,"{""alpha"": 0.7, ""beta"": 0.2, ""n_iter"": 60, ""lr"": 0.03}",,3,0.0026262000028509647
iris_graph_signal,aew,trss,3ch,2,0.33330007548404056,0.5736762579237136,6.0645312196657235,3.590880501784813,"{""alpha"": 0.7, ""beta"": 0.2, ""n_iter"": 60, ""lr"": 0.03}",,3,0.0025631000025896356
iris_graph_signal,aew,trss,3ch,3,0.32437419948769547,0.5606607762722341,6.07796226776703,3.390352955860984,"{""alpha"": 0.7, ""beta"": 0.2, ""n_iter"": 60, ""lr"": 0.03}",,3,0.0025125999964075163
