method,mae_mean,mae_std,mae_median,time_mean_sec
trss,2.302160673103756e-06,1.5048756559942248e-07,2.289256463427548e-06,0.017612300001928816
