method,mae_mean,mae_std,mae_median,time_mean_sec
trss,95.09673659094378,1.286803354580576,95.23081388409888,0.01959914999679313
