method,mae_mean,mae_std,mae_median,time_mean_sec
trss,40.41334060851371,0.48064152109235597,40.456135332731925,0.0173213250018307
