method,mae_mean,mae_std,mae_median,time_mean_sec
trss,3.919986193663801e-06,5.566517206333919e-08,3.9307214739275025e-06,0.01725442499810015
