dataset,graph,method,missing_ratio,seed,mae,rmse,snr,dtw,params,error,n_missing_ch,time_sec
iv100hz_mat,knn__k7,trss,0.2,0,40.25478435898529,115.74015779228468,12.117259873298755,683.4605416110107,"{""alpha"": 0.7, ""beta"": 0.2, ""n_iter"": 60, ""lr"": 0.03}",,5,0.018117400002665818
iv100hz_mat,knn__k7,trss,0.2,1,40.65748630647856,116.95158037951147,12.02924478699884,696.2153896218955,"{""alpha"": 0.7, ""beta"": 0.2, ""n_iter"": 60, ""lr"": 0.03}",,5,0.0163963000086369
iv100hz_mat,knn__k7,trss,0.2,2,39.820710075870444,111.96260381375775,11.861836996294684,664.153133246956,"{""alpha"": 0.7, ""beta"": 0.2, ""n_iter"": 60, ""lr"": 0.03}",,5,0.017394800001056865
iv100hz_mat,knn__k7,trss,0.2,3,40.92038169272052,117.82559417193318,12.03513235383405,649.6358431155137,"{""alpha"": 0.7, ""beta"": 0.2, ""n_iter"": 60, ""lr"": 0.03}",,5,0.01737679999496322
