method,mae_mean,mae_std,mae_median,time_mean_sec
trss,0.3310288492452817,0.0048449416991593166,0.3320681381348478,0.002573225003288826
