method,mae_mean,mae_std,mae_median,time_mean_sec
trss,0.40185288678763664,0.01125496259272922,0.4015778843420815,0.0025972750008804724
