dataset,graph,method,missing_ratio,seed,mae,rmse,snr,dtw,params,error,n_missing_ch,time_sec
iv100hz_mat,aew,trss,0.4,0,93.99264230081599,186.36928822178234,8.078117265175814,1028.3864993238415,"{""alpha"": 0.7, ""beta"": 0.2, ""n_iter"": 60, ""lr"": 0.03}",,10,0.019617000012658536
iv100hz_mat,aew,trss,0.4,1,93.96500580164728,186.17515428136167,7.885469782536396,1052.918557771823,"{""alpha"": 0.7, ""beta"": 0.2, ""n_iter"": 60, ""lr"": 0.03}",,10,0.01987869999720715
iv100hz_mat,aew,trss,0.4,2,91.30595633592606,179.68963092388856,8.032605313264588,1050.434077248382,"{""alpha"": 0.7, ""beta"": 0.2, ""n_iter"": 60, ""lr"": 0.03}",,10,0.01955880000605248
iv100hz_mat,aew,trss,0.4,3,92.3152928111543,184.0529599134316,8.099595816792144,976.3148223184044,"{""alpha"": 0.7, ""beta"": 0.2, ""n_iter"": 60, ""lr"": 0.03}",,10,0.019662699996843003
