method,mae_mean,mae_std,mae_median,time_mean_sec
trss,6.8056503353047e-07,2.1396889811074116e-08,6.794339157338911e-07,0.01777932500044699
