method,mae_mean,mae_std,mae_median,time_mean_sec
trss,6.093341321868436e-07,3.4908482900383703e-09,6.089234271550831e-07,0.01702559999830555
