dataset,graph,method,missing_ratio,seed,mae,rmse,snr,dtw,params,error,n_missing_ch,time_sec
iv100hz_mat,aew,trss,0.2,0,41.070714631567746,114.3734848775996,11.88524820639624,686.9712340641281,"{""alpha"": 0.7, ""beta"": 0.2, ""n_iter"": 60, ""lr"": 0.03}",,5,0.018319599999813363
iv100hz_mat,aew,trss,0.2,1,41.97260689556465,116.19874756513491,11.73153420870681,706.5159062050569,"{""alpha"": 0.7, ""beta"": 0.2, ""n_iter"": 60, ""lr"": 0.03}",,5,0.017999200004851446
iv100hz_mat,aew,trss,0.2,2,40.803999000785716,111.3643169603204,11.581055018479049,672.625598518445,"{""alpha"": 0.7, ""beta"": 0.2, ""n_iter"": 60, ""lr"": 0.03}",,5,0.016951400000834838
iv100hz_mat,aew,trss,0.2,3,41.87990732725893,117.11273991338129,11.784230385919093,657.2807390553661,"{""alpha"": 0.7, ""beta"": 0.2, ""n_iter"": 60, ""lr"": 0.03}",,5,0.016778899997007102
