method,mae_mean,mae_std,mae_median,time_mean_sec
trss,41.43180696379426,0.5824628780016071,41.47531097941334,0.017512275000626687
