dataset,graph,method,missing_ratio,seed,mae,rmse,snr,dtw,params,error,n_missing_ch,time_sec
iv100hz_mat,kalofolias,trss,0.4,0,46.061711797274356,101.00618786473362,12.033075872142613,565.2882176463102,"{""alpha"": 0.7, ""beta"": 0.2, ""n_iter"": 60, ""lr"": 0.03}",,10,0.01972589999786578
iv100hz_mat,kalofolias,trss,0.4,1,45.79521976210061,101.90669464618189,12.060645932114364,567.221003095795,"{""alpha"": 0.7, ""beta"": 0.2, ""n_iter"": 60, ""lr"": 0.03}",,10,0.01919849999831058
iv100hz_mat,kalofolias,trss,0.4,2,44.94807375994789,97.71017352761565,12.195433955944225,537.3586440849376,"{""alpha"": 0.7, ""beta"": 0.2, ""n_iter"": 60, ""lr"": 0.03}",,10,0.01901259999431204
iv100hz_mat,kalofolias,trss,0.4,3,44.999022851199584,100.13479554471351,12.209043368453287,556.9833891881099,"{""alpha"": 0.7, ""beta"": 0.2, ""n_iter"": 60, ""lr"": 0.03}",,10,0.01929579999705311
