method,mae_mean,mae_std,mae_median,time_mean_sec
trss,0.43126854638582146,0.009204340390366507,0.4326931770642688,0.0026073499975609593
