graph,method,mean_mae,median_mae,std_mae,count
aew__k4_sigma_corr0_5_sigma_dist1,gsmooth,0.16429067158658073,0.1580719510783361,0.09050918783491146,4
aew__k4_sigma_corr0_5_sigma_dist1,heat_diffusion_temporal,0.16552545769732105,0.16436720794078347,0.08686704048130112,4
aew__k4_sigma_corr0_5_sigma_dist1,linear,0.1961739013122472,0.19937210292007515,0.09834477054419566,4
aew__k4_sigma_corr0_5_sigma_dist1,mean,0.17160598733382754,0.1691235486831304,0.09285049611082018,4
aew__k4_sigma_corr0_5_sigma_dist1,nearest,0.22134172033580568,0.22010612405870555,0.11789314186482966,4
aew__k4_sigma_corr0_5_sigma_dist1,trss,0.15923783025381116,0.1542147234517258,0.08545605577214965,4
gaussian__sigma1,mean,0.17160598733382754,0.1691235486831304,0.09285049611082018,4
kalofolias,directed_tv,0.16874953496959677,0.16855809963809232,0.08856802363639865,4
