method,mae_mean,mae_std,mae_median,time_mean_sec
trss,1.6491551326287342e-06,7.850633540356909e-08,1.661998843735346e-06,0.017546016666528885
