dataset,graph,method,missing_ratio,seed,mae,rmse,snr,dtw,params,error,n_missing_ch,time_sec
iris_graph_signal,knn__k3,trss,0.4,0,0.25786212850972107,0.5607277645506703,6.851114002601491,3.1755209047108304,"{""alpha"": 0.7, ""beta"": 0.2, ""n_iter"": 60, ""lr"": 0.03}",,2,0.00388579999889771
iris_graph_signal,knn__k3,trss,0.4,1,0.24933100533637959,0.5066895995020009,6.405512675820122,3.520741891091442,"{""alpha"": 0.7, ""beta"": 0.2, ""n_iter"": 60, ""lr"": 0.03}",,2,0.0035962999991170364
iris_graph_signal,knn__k3,trss,0.4,2,0.2642097509658619,0.5389360543682675,6.192640320104151,3.345613283458063,"{""alpha"": 0.7, ""beta"": 0.2, ""n_iter"": 60, ""lr"": 0.03}",,2,0.0027196000010007992
iris_graph_signal,knn__k3,trss,0.4,3,0.2650010265981693,0.5289519053392692,5.9722927235873895,3.487893006185952,"{""alpha"": 0.7, ""beta"": 0.2, ""n_iter"": 60, ""lr"": 0.03}",,2,0.0029407000001810957
iris_graph_signal,knn__k3,trss,0.4,4,0.2528373843420029,0.5385067338007911,6.6490788264613245,3.356863640645897,"{""alpha"": 0.7, ""beta"": 0.2, ""n_iter"": 60, ""lr"": 0.03}",,2,0.0027416000011726283
iris_graph_signal,knn__k3,trss,0.4,5,0.25725795945870655,0.5258061998867662,6.086617760152047,3.5894046162538196,"{""alpha"": 0.7, ""beta"": 0.2, ""n_iter"": 60, ""lr"": 0.03}",,2,0.003790400000070804
