method,mae_mean,mae_std,mae_median,time_mean_sec
trss,2.9145550068814124e-07,1.115627391571739e-08,2.9025123151461467e-07,0.016929433333037498
