method,mae_mean,mae_std,mae_median,time_mean_sec
trss,0.2577498758684736,0.006157494776645717,0.25756004398421384,0.0032790666667400123
