method,mae_mean,mae_std,mae_median,time_mean_sec
tv,0.08185350339506126,0.0020844617930514597,0.08185350339506126,0.18541935000030207
