comparison,tv_median,instant_median,u_statistic,p_value,decision,gain_pct
TV_vs_Instant,0.016310676007062683,0.015576498234031625,2109.0,0.7927141876726435,NO-GO,-4.713368576173446
