dataset,method,mae_mean,mae_std,snr_mean,snr_std
bci_iv2a_real_s3,linear,0.07438530404600155,0.03600923099036335,15.960255810126554,2.915105526076532
iris_graph_signal,tv,0.17895504758465294,0.06623268825236564,9.50663907194771,2.233469848292319
mne_sample,rbfi_tps,0.03797308713307662,0.01833816176140732,22.484744809381322,2.8974403473348502
physionet_eegmmidb_real,rbfi_tps,0.05790737504921721,0.028814808879441326,17.957186945685095,2.862992688784504
