comparison,tv_median,instant_median,u_statistic,p_value,decision,gain_pct
TV_vs_Instant,7.489229584579561e-06,6.6743969715070315e-06,176.0,0.6767966304922457,NO-GO,-12.208333075647824
