method,mae_mean,mae_std,mae_median,time_mean_sec
trss,0.10562813939705837,0.0068596723745871155,0.10562813939705837,0.002668150000317837
