method,mae_mean,mae_std,mae_median,time_mean_sec
trss,2.4498755539257166e-07,9.960307162752962e-09,2.4498755539257166e-07,0.017618599999877915
