method,mae_mean,mae_std,mae_median,time_mean_sec
trss,1.3944221101425227e-06,4.20590375063943e-08,1.3944221101425227e-06,0.019423049999204522
