method,mae_mean,mae_std,mae_median,time_mean_sec
trss,0.2535965669230503,0.00603241504700746,0.2535965669230503,0.0027315499992255354
