method,mae_mean,mae_std,mae_median,time_mean_sec
trss,9.572267049246646e-07,4.885362908944296e-09,9.572267049246646e-07,0.02269449999948847
