method,mae_mean,mae_std,mae_median,time_mean_sec
trss,4.353418019024322e-06,5.686923969522535e-08,4.353418019024322e-06,0.020143650000136404
