method,mae_mean,mae_std,mae_median,time_mean_sec
trss,3.3180362683118145e-06,2.226868086834069e-08,3.3180362683118145e-06,0.018274349999046535
