method,mae_mean,mae_std,mae_median,time_mean_sec
tv,32.052217665689994,0.5895247614363014,32.052217665689994,0.1872878000003766
