method,mae_mean,mae_std,mae_median,time_mean_sec
trss,2.8169719001654765e-07,7.754279267874374e-09,2.8169719001654765e-07,0.017811250000704604
