method,mae_mean,mae_std,mae_median,time_mean_sec
trss,8.615994292688411e-07,3.9350494374550105e-08,8.615994292688411e-07,0.017232350000085717
