method,mae_mean,mae_std,mae_median,time_mean_sec
mean,0.016812165018357073,0.0031615955550113217,0.016812165018357073,0.0020723999996334896
