dataset,graph,method,missing_ratio,seed,mae,rmse,snr,dtw,params,error,n_missing_ch,time_sec
bci_iv2a_real_s1,gaussian__sigma1.0,trss,0.1,0,8.894244306841286e-07,6.5664342457847345e-06,20.376594160848388,2.4447263987309255e-05,"{""alpha"": 0.7, ""beta"": 0.2, ""n_iter"": 60, ""lr"": 0.03}",,2,0.017941600000995095
bci_iv2a_real_s1,gaussian__sigma1.0,trss,0.1,1,8.337744278535537e-07,5.849222739427795e-06,20.320633909568844,2.5099798364498258e-05,"{""alpha"": 0.7, ""beta"": 0.2, ""n_iter"": 60, ""lr"": 0.03}",,2,0.01652309999917634
