method,mae_mean,mae_std,mae_median,time_mean_sec
trss,1.7136686637113388e-06,4.540505121463602e-08,1.7136686637113388e-06,0.01787765000062791
