method,mae_mean,mae_std,mae_median,time_mean_sec
nearest,2.505270640055339e-07,2.5040847595272593e-09,2.505270640055339e-07,0.0027503500004968373
