comparison,tv_median,instant_median,u_statistic,p_value,decision,gain_pct
TV_vs_Instant,0.21208944134625032,0.24570638041368,7291.0,6.150500697701242e-14,GO,13.681752590563995
