method,mae_mean,mae_std,mae_median,time_mean_sec
trss,62.69551432680569,0.9123733804903393,62.51205934066716,0.02057668333327456
