method,mae_mean,mae_std,mae_median,time_mean_sec
trss,8.495713168737809e-07,3.6292816896112604e-08,8.361629523265335e-07,0.018076800000320265
