method,mae_mean,mae_std,mae_median,time_mean_sec
trss,4.350853184467752e-06,6.706706483934773e-08,4.343546992283977e-06,0.0190146333334269
