method,mae_mean,mae_std,mae_median,time_mean_sec
tv,0.03445659211013472,0.002537536158262987,0.03445659211013472,0.18625265000082436
