method,mae_mean,mae_std,mae_median,time_mean_sec
trss,5.042424396095504e-07,1.2154421758916417e-08,5.013098522545882e-07,0.01969723333301469
