dataset,graph,method,missing_ratio,seed,mae,rmse,snr,dtw,params,error,n_missing_ch,time_sec
iris_graph_signal,gaussian__sigma1.0,trss,0.1,0,0.09864224519231178,0.30008323654789554,12.2810885272245,1.6399654228572338,"{""alpha"": 0.7, ""beta"": 0.2, ""n_iter"": 60, ""lr"": 0.03}",,0,0.0027430999998614425
iris_graph_signal,gaussian__sigma1.0,trss,0.1,1,0.10806166192034258,0.32881882872833,11.46479881144549,2.0201779087911556,"{""alpha"": 0.7, ""beta"": 0.2, ""n_iter"": 60, ""lr"": 0.03}",,0,0.002669699999387376
iris_graph_signal,gaussian__sigma1.0,trss,0.1,2,0.11531105877478069,0.34397055788758085,11.829089466604847,1.842137113914267,"{""alpha"": 0.7, ""beta"": 0.2, ""n_iter"": 60, ""lr"": 0.03}",,0,0.002556699999331613
iris_graph_signal,gaussian__sigma1.0,trss,0.1,3,0.09352289891391513,0.2825170782966509,12.184086962180425,1.8834890445536765,"{""alpha"": 0.7, ""beta"": 0.2, ""n_iter"": 60, ""lr"": 0.03}",,0,0.0030692000000271946
iris_graph_signal,gaussian__sigma1.0,trss,0.1,4,0.09174769189568925,0.2948006380614971,12.530560551494474,1.6771599213337591,"{""alpha"": 0.7, ""beta"": 0.2, ""n_iter"": 60, ""lr"": 0.03}",,0,0.0031416000001627253
iris_graph_signal,gaussian__sigma1.0,trss,0.1,5,0.10000375776052432,0.2921536849282188,11.5936292528123,1.829834431905398,"{""alpha"": 0.7, ""beta"": 0.2, ""n_iter"": 60, ""lr"": 0.03}",,0,0.00255259999903501
