method,mae_mean,mae_std,mae_median,time_mean_sec
trss,4.938564679040062e-06,6.275439158392619e-08,4.918540539510448e-06,0.02284588333350257
