method,mae_mean,mae_std,mae_median,time_mean_sec
trss,9.434457500686803e-07,1.977078685481065e-08,9.520038891376372e-07,0.02062451666643028
