method,mae_mean,mae_std,mae_median,time_mean_sec
gsp,1.2612570690515677e-06,4.0808116765914046e-08,1.279585862548008e-06,0.005196116669443048
