method,mae_mean,mae_std,mae_median,time_mean_sec
nearest,2.5353855556911893e-07,9.404470940431624e-09,2.518939971923828e-07,0.0028513333321219156
