method,mae_mean,mae_std,mae_median,time_mean_sec
trss,9.204282995631012e-07,5.315637227377671e-07,5.811158852176508e-07,0.01880774999921818
