method,mae_mean,mae_std,mae_median,time_mean_sec
tv,2.8617791991596017e-06,2.038030531261896e-06,1.608655162198412e-06,0.1831667888881283
