dataset,graph,method,missing_ratio,seed,mae,rmse,snr,dtw,params,error,n_missing_ch,time_sec
physionet_eegmmidb_real,nnk,trss,0.4,0,4.8461751035524386e-06,1.0552116537757734e-05,14.35964497712722,7.5234507154444e-05,"{""alpha"": 0.7, ""beta"": 0.2, ""n_iter"": 60, ""lr"": 0.03}",,10,0.019250700002885424
physionet_eegmmidb_real,nnk,trss,0.4,1,4.945206461732001e-06,1.0665200298065889e-05,14.079597314963385,7.593135606838765e-05,"{""alpha"": 0.7, ""beta"": 0.2, ""n_iter"": 60, ""lr"": 0.03}",,10,0.018672300000616815
physionet_eegmmidb_real,nnk,trss,0.4,2,4.7754465282122515e-06,1.0458974108037162e-05,14.449504611459853,7.489816336202902e-05,"{""alpha"": 0.7, ""beta"": 0.2, ""n_iter"": 60, ""lr"": 0.03}",,10,0.018410500000754837
physionet_eegmmidb_real,nnk,trss,0.4,3,4.840558702236206e-06,1.047080470154214e-05,14.4571570797017,7.834791327989572e-05,"{""alpha"": 0.7, ""beta"": 0.2, ""n_iter"": 60, ""lr"": 0.03}",,10,0.019016799997189082
physionet_eegmmidb_real,nnk,trss,0.4,4,4.975527096230122e-06,1.0719110914118256e-05,14.213469801157634,7.858050324813707e-05,"{""alpha"": 0.7, ""beta"": 0.2, ""n_iter"": 60, ""lr"": 0.03}",,10,0.01921839999704389
physionet_eegmmidb_real,nnk,trss,0.4,5,4.831589966655153e-06,1.051763740297247e-05,14.436492070140014,7.598782192304082e-05,"{""alpha"": 0.7, ""beta"": 0.2, ""n_iter"": 60, ""lr"": 0.03}",,10,0.019347100002050865
