method,mae_mean,mae_std,mae_median,time_mean_sec
trss,2.9888664707231108e-06,1.7352265117378062e-06,2.7928614936409286e-06,0.021392808333075664
