dataset,graph,method,missing_ratio,seed,mae,rmse,snr,dtw,params,error,n_missing_ch,time_sec
physionet_eegmmidb_real,knng,trss,0.4,0,4.99122474743925e-06,1.0834146759375738e-05,14.37044577794794,7.696340063199015e-05,"{""alpha"": 0.7, ""beta"": 0.2, ""n_iter"": 60, ""lr"": 0.03}",,10,0.019912700001441408
physionet_eegmmidb_real,knng,trss,0.4,1,5.1354663006249565e-06,1.0961524539535898e-05,14.085104433921147,7.86013438640548e-05,"{""alpha"": 0.7, ""beta"": 0.2, ""n_iter"": 60, ""lr"": 0.03}",,10,0.020078699999430683
physionet_eegmmidb_real,knng,trss,0.4,2,5.002047872532531e-06,1.0849258344714406e-05,14.332568673158244,7.764970442736289e-05,"{""alpha"": 0.7, ""beta"": 0.2, ""n_iter"": 60, ""lr"": 0.03}",,10,0.019110100001853425
physionet_eegmmidb_real,knng,trss,0.4,3,4.972476827100537e-06,1.066635066593166e-05,14.429191482593069,7.581757486003262e-05,"{""alpha"": 0.7, ""beta"": 0.2, ""n_iter"": 60, ""lr"": 0.03}",,10,0.02056319999974221
physionet_eegmmidb_real,knng,trss,0.4,4,5.054874990994329e-06,1.0904498904793162e-05,14.325575409751721,7.88105452602789e-05,"{""alpha"": 0.7, ""beta"": 0.2, ""n_iter"": 60, ""lr"": 0.03}",,10,0.020477700003539212
physionet_eegmmidb_real,knng,trss,0.4,5,4.967696437518975e-06,1.0753974803828483e-05,14.319069353873111,7.875292662538204e-05,"{""alpha"": 0.7, ""beta"": 0.2, ""n_iter"": 60, ""lr"": 0.03}",,10,0.01892950000183191
