method,mae_mean,mae_std,mae_median,time_mean_sec
trss,0.10255336119015356,0.00934718420543471,0.09826616728294821,0.00280295000023519
