method,mae_mean,mae_std,mae_median,time_mean_sec
trss,1.7403185094043384e-06,1.0736656430931243e-06,1.0576817378166505e-06,0.020545422222009318
