method,mae_mean,mae_std,mae_median,time_mean_sec
tv,0.06344944747492128,0.002186923757045683,0.06371966203972557,0.16266133333313823
