dataset,graph,method,missing_ratio,seed,mae,rmse,snr,dtw,params,error,n_missing_ch,time_sec
physionet_eegmmidb_real,vknng,tv,0.4,0,9.15299682618418e-06,1.896682117122967e-05,9.345114683136059,0.0001217036599142154,"{""lam"": 0.2, ""n_iter"": 30}",,10,0.22980100000131642
physionet_eegmmidb_real,vknng,tv,0.4,1,9.412232665102746e-06,1.9373954178477494e-05,9.103905963530039,0.00012380941171863817,"{""lam"": 0.2, ""n_iter"": 30}",,10,0.23516770000424003
physionet_eegmmidb_real,vknng,tv,0.4,2,9.217463146165357e-06,1.9174501236110854e-05,9.196567468902266,0.0001230205044069805,"{""lam"": 0.2, ""n_iter"": 30}",,10,0.16943500000343192
physionet_eegmmidb_real,vknng,tv,0.4,3,9.007243580196512e-06,1.875468889273197e-05,9.418715707596444,0.00012055554294761226,"{""lam"": 0.2, ""n_iter"": 30}",,10,0.22383350000018254
physionet_eegmmidb_real,vknng,tv,0.4,4,9.224306711512974e-06,1.907848080361102e-05,9.305596266725397,0.00012241551447733244,"{""lam"": 0.2, ""n_iter"": 30}",,10,0.22213539999938803
physionet_eegmmidb_real,vknng,tv,0.4,5,9.210524165320752e-06,1.9262613854440697e-05,9.24073924240996,0.00012674551300723863,"{""lam"": 0.2, ""n_iter"": 30}",,10,0.1816834999990533
