method,mae_mean,mae_std,mae_median,time_mean_sec
trss,1.4933184920526754e-06,4.071412262889174e-08,1.5030594709547783e-06,0.01852665000236205
