method,mae_mean,mae_std,mae_median,time_mean_sec
trss,1.0626126738877629e-06,2.0752265294405757e-08,1.0576817378166505e-06,0.022524600000906503
