method,mae_mean,mae_std,mae_median,time_mean_sec
trss,0.1012148857429273,0.008971735275618445,0.09932300147641805,0.002930916666324871
