method,mae_mean,mae_std,mae_median,time_mean_sec
tv,0.03623441036922177,0.0028977997852248794,0.03647644382158715,0.16307743333406202
