method,mae_mean,mae_std,mae_median,time_mean_sec
trss,88.19302543176971,0.291314339293921,88.19302543176971,0.019504699999743025
