method,mae_mean,mae_std,mae_median,time_mean_sec
trss,1.2623297914016727e-06,2.078288811631851e-08,1.2623297914016727e-06,0.02004380000016681
