method,mae_mean,mae_std,mae_median,time_mean_sec
trss,0.22840231584561993,0.007208706789302847,0.22840231584561993,0.0031469499999730033
