method,mae_mean,mae_std,mae_median,time_mean_sec
trss,4.253041601282743e-06,6.381963596645599e-09,4.253041601282743e-06,0.019616450000285113
