comparison,tv_median,instant_median,u_statistic,p_value,decision,gain_pct
TV_vs_Instant,2.4633908207421055e-05,3.085113595399191e-05,16575.0,2.239041160696159e-05,GO,20.15234627289759
