comparison,tv_median,instant_median,u_statistic,p_value,decision,gain_pct
TV_vs_Instant,0.5491660295895979,0.44002683440053325,556.0,0.9699050651143947,NO-GO,-24.80284988476885
