comparison,tv_median,instant_median,u_statistic,p_value,decision,gain_pct
TV_vs_Instant,126.34343508558894,75.35154841163586,4177.0,0.989624927341942,NO-GO,-67.67198252568207
