comparison,tv_median,instant_median,u_statistic,p_value,decision,gain_pct
TV_vs_Instant,2.4587960560720212e-05,3.144717682279725e-05,145362.0,8.478794557394802e-15,GO,21.81186661279092
