method,mae_mean,mae_std,mae_median,time_mean_sec
trss,4.227884996452508e-06,6.497618536967192e-08,4.238093850968476e-06,0.021372066666723793
