method,mae_mean,mae_std,mae_median,time_mean_sec
tv,0.03624482013376917,0.0028728434527732155,0.03647737100161687,0.20738525000009153
