method,mae_mean,mae_std,mae_median,time_mean_sec
trss,1.406226930330228e-06,3.235001920069466e-08,1.4155268123210379e-06,0.021578366666593258
