method,mae_mean,mae_std,mae_median,time_mean_sec
tv,0.06346311722381576,0.0021503434457635093,0.06376433358248776,0.24257885000012416
