dataset,graph,method,missing_ratio,seed,mae,rmse,snr,dtw,params,error,n_missing_ch,time_sec
iris_graph_signal,kalofolias,trss,0.2,0,0.09333875391715454,0.2960038136631303,13.332668670614732,1.616090759989273,"{""alpha"": 0.7, ""beta"": 0.2, ""n_iter"": 60, ""lr"": 0.03}",,1,0.0038314999983413145
iris_graph_signal,kalofolias,trss,0.2,1,0.10295179153641217,0.3342004712790128,12.63137471975713,1.9353012607603126,"{""alpha"": 0.7, ""beta"": 0.2, ""n_iter"": 60, ""lr"": 0.03}",,1,0.0038598999963141978
iris_graph_signal,kalofolias,trss,0.2,2,0.10870118818891907,0.3363670538624371,12.897001625523888,1.662753604314243,"{""alpha"": 0.7, ""beta"": 0.2, ""n_iter"": 60, ""lr"": 0.03}",,1,0.008984200001577847
iris_graph_signal,kalofolias,trss,0.2,3,0.09604508261836633,0.28846618046899186,12.45960438648439,1.8092977242786303,"{""alpha"": 0.7, ""beta"": 0.2, ""n_iter"": 60, ""lr"": 0.03}",,1,0.0035134000063408166
