method,mae_mean,mae_std,n
trss,0.11218636800816202,0.029996844096242682,80
