method,mae_mean,mae_std,mae_median,time_mean_sec
trss,0.10388446620033755,0.00971011396557894,0.10335195355632718,0.004435699996975018
