dataset,graph,method,missing_ratio,seed,mae,rmse,snr,dtw,params,error,n_missing_ch,time_sec
iris_graph_signal,knn__k3,trss,0.2,0,0.11222761500943537,0.32737232871593824,10.964289538576523,1.894502717719723,"{""alpha"": 0.7, ""beta"": 0.2, ""n_iter"": 60, ""lr"": 0.03}",,1,0.002531899997848086
iris_graph_signal,knn__k3,trss,0.2,1,0.11999871179420814,0.35002202525133397,10.457668875649873,2.2733036178512784,"{""alpha"": 0.7, ""beta"": 0.2, ""n_iter"": 60, ""lr"": 0.03}",,1,0.0025264000141760334
iris_graph_signal,knn__k3,trss,0.2,2,0.1271575988717624,0.3631198534058876,10.461508829450416,2.1396225103586786,"{""alpha"": 0.7, ""beta"": 0.2, ""n_iter"": 60, ""lr"": 0.03}",,1,0.004488000005949289
iris_graph_signal,knn__k3,trss,0.2,3,0.1030854637600753,0.3038558751722623,11.115319048780101,2.0490967786060597,"{""alpha"": 0.7, ""beta"": 0.2, ""n_iter"": 60, ""lr"": 0.03}",,1,0.0034183999960077927
