dataset,graph,method,missing_ratio,seed,mae,rmse,snr,dtw,params,error,n_missing_ch,time_sec
iris_graph_signal,gaussian__sigma0.6,trss,0.2,0,0.10896993631979592,0.31092605322795613,11.123167291926283,1.8725008913565784,"{""alpha"": 0.7, ""beta"": 0.2, ""n_iter"": 60, ""lr"": 0.03}",,1,0.002675600000657141
iris_graph_signal,gaussian__sigma0.6,trss,0.2,1,0.1190924832410996,0.34370375609369214,10.398662368933758,2.0177310327160622,"{""alpha"": 0.7, ""beta"": 0.2, ""n_iter"": 60, ""lr"": 0.03}",,1,0.0025123999948846176
iris_graph_signal,gaussian__sigma0.6,trss,0.2,2,0.131834256676759,0.3610759984450533,10.369284390124525,2.082457183347236,"{""alpha"": 0.7, ""beta"": 0.2, ""n_iter"": 60, ""lr"": 0.03}",,1,0.002491599996574223
iris_graph_signal,gaussian__sigma0.6,trss,0.2,3,0.10955273900641403,0.3096236419263252,10.729597525939019,2.125397372019923,"{""alpha"": 0.7, ""beta"": 0.2, ""n_iter"": 60, ""lr"": 0.03}",,1,0.002497099994798191
