method,mae_mean,mae_std,mae_median,time_mean_sec
trss,0.23226238251992024,0.009795701736474814,0.23635281406997638,0.0031250749998434912
