dataset,graph,method,missing_ratio,seed,mae,rmse,snr,dtw,params,error,n_missing_ch,time_sec
iris_graph_signal,knng,trss,0.2,0,0.09864224519231178,0.30008323654789554,12.2810885272245,1.6399654228572338,"{""alpha"": 0.7, ""beta"": 0.2, ""n_iter"": 60, ""lr"": 0.03}",,1,0.0035103000118397176
iris_graph_signal,knng,trss,0.2,1,0.10806166192034258,0.32881882872833,11.46479881144549,2.0201779087911556,"{""alpha"": 0.7, ""beta"": 0.2, ""n_iter"": 60, ""lr"": 0.03}",,1,0.0029437000048346817
iris_graph_signal,knng,trss,0.2,2,0.11531105877478069,0.34397055788758085,11.829089466604847,1.842137113914267,"{""alpha"": 0.7, ""beta"": 0.2, ""n_iter"": 60, ""lr"": 0.03}",,1,0.0024677000037627295
iris_graph_signal,knng,trss,0.2,3,0.09352289891391513,0.2825170782966509,12.184086962180425,1.8834890445536765,"{""alpha"": 0.7, ""beta"": 0.2, ""n_iter"": 60, ""lr"": 0.03}",,1,0.0024728999997023493
