method,mae_mean,mae_std,mae_median,time_mean_sec
trss,0.09022684536633108,0.009935452761187168,0.08919625610890396,0.0027882249996764585
