method,mae_mean,mae_std,mae_median,time_mean_sec
trss,0.10596608135685387,0.009951346971733412,0.10562813939705837,0.0038168999999470543
