dataset,graph,method,missing_ratio,seed,mae,rmse,snr,dtw,params,error,n_missing_ch,time_sec
iris_graph_signal,aew,trss,0.2,0,0.0805962037425698,0.2574908118663891,13.850100501588821,1.3963940530153793,"{""alpha"": 0.7, ""beta"": 0.2, ""n_iter"": 60, ""lr"": 0.03}",,1,0.00304100000357721
iris_graph_signal,aew,trss,0.2,1,0.09487813608102753,0.30336404704859044,12.85556570735464,1.7089494914104773,"{""alpha"": 0.7, ""beta"": 0.2, ""n_iter"": 60, ""lr"": 0.03}",,1,0.0025645999994594604
iris_graph_signal,aew,trss,0.2,2,0.1019186655049466,0.3124342330754069,13.43463057524595,1.606941024900486,"{""alpha"": 0.7, ""beta"": 0.2, ""n_iter"": 60, ""lr"": 0.03}",,1,0.002999499993165955
iris_graph_signal,aew,trss,0.2,3,0.08351437613678038,0.25644565561825966,13.308739263243286,1.6476623854671597,"{""alpha"": 0.7, ""beta"": 0.2, ""n_iter"": 60, ""lr"": 0.03}",,1,0.002547800002503209
