method,mae_mean,mae_std,mae_median,time_mean_sec
trss,0.1156173473588703,0.010342664892418594,0.11611316340182176,0.0032411750034953
