method,mae_mean,mae_std,mae_median,time_mean_sec
trss,0.11736235381101713,0.010705949672083225,0.11432261112375681,0.002633200001582736
