method,mae_mean,mae_std,mae_median,time_mean_sec
trss,0.10025920406521302,0.0069322572816146785,0.09949843707738926,0.005047250000643544
