comparison,tv_median,instant_median,u_statistic,p_value,decision,gain_pct
TV_vs_Instant,1.3026808167422014e-05,5.535160278760574e-06,20177.0,0.9946251167242761,NO-GO,-135.34653942015498
