comparison,tv_median,instant_median,u_statistic,p_value,decision,gain_pct
TV_vs_Instant,9.861262248889504e-06,6.2802905660468914e-06,1692.0,0.986714719741289,NO-GO,-57.01920389165439
