method,mae_mean,mae_std,mae_median,time_mean_sec
trss,0.10121488709430469,0.008971735488452683,0.09932300267687263,0.0027481000003414615
