method,mae_mean,mae_std,mae_median,time_mean_sec
tv,0.013722952084255448,0.0005311428900130757,0.013672621037787932,0.15493640000022424
