method,mae_mean,mae_std,mae_median,time_mean_sec
trss,0.047390690641634044,0.0009342024627741657,0.04753339185866602,0.017686916666207253
