dataset,graph,method,missing_ratio,seed,mae,rmse,snr,dtw,params,error,n_missing_ch,time_sec
iris_graph_signal,knn__k3,trss,0.4,0,0.25786213222381277,0.5607277741012787,6.851114002601491,3.1755209429618936,"{""alpha"": 0.7, ""beta"": 0.2, ""n_iter"": 60, ""lr"": 0.03}",,2,0.0032884000029298477
iris_graph_signal,knn__k3,trss,0.4,1,0.2493310083118747,0.506689606299862,6.405512675820122,3.520741931316953,"{""alpha"": 0.7, ""beta"": 0.2, ""n_iter"": 60, ""lr"": 0.03}",,2,0.0025980999998864718
iris_graph_signal,knn__k3,trss,0.4,2,0.26420975433085747,0.5389360624493201,6.192640320104151,3.3456133226091254,"{""alpha"": 0.7, ""beta"": 0.2, ""n_iter"": 60, ""lr"": 0.03}",,2,0.0026036000017484184
iris_graph_signal,knn__k3,trss,0.4,3,0.26500102979078505,0.5289519122398385,5.9722927235873895,3.4878930449416585,"{""alpha"": 0.7, ""beta"": 0.2, ""n_iter"": 60, ""lr"": 0.03}",,2,0.003288099997007521
iris_graph_signal,knn__k3,trss,0.4,4,0.252837387747128,0.5385067425693872,6.6490788264613245,3.3568636825672797,"{""alpha"": 0.7, ""beta"": 0.2, ""n_iter"": 60, ""lr"": 0.03}",,2,0.0026235000004817266
iris_graph_signal,knn__k3,trss,0.4,5,0.2572579626568509,0.5258062070454876,6.0866177601520475,3.5894046577751304,"{""alpha"": 0.7, ""beta"": 0.2, ""n_iter"": 60, ""lr"": 0.03}",,2,0.002829699998983415
