method,mae_mean,mae_std,mae_median,time_mean_sec
trss,0.1239797730855426,0.001284124209272242,0.12410043591215911,0.019215916667841764
