method,mae_mean,mae_std,mae_median,time_mean_sec
nearest,0.10663860327098779,0.0026163841391007112,0.10733761383150481,0.00653631666682486
