method,mae_mean,mae_std,mae_median,time_mean_sec
trss,0.10255336256959864,0.009347184451707714,0.09826616861339671,0.002733233333856333
