method,mae_mean,mae_std,mae_median,time_mean_sec
tv,0.0858050617028963,0.002800061772021229,0.08640160825335352,0.15353701666693573
