method,mae_mean,mae_std,mae_median,time_mean_sec
tv,0.03967867635407479,0.003599655842116507,0.039864768379773735,0.2078524499999427
