method,mae_mean,mae_std,mae_median,time_mean_sec
trss,0.2313240731095342,0.0058630057827233515,0.23084853094239427,0.002746599999833658
