method,mae_mean,mae_std,mae_median,time_mean_sec
trss,0.010206030214749499,0.00039444468507997005,0.01018311883154484,0.016720483333604836
