dataset,graph,method,missing_ratio,seed,mae,rmse,snr,dtw,params,error,n_missing_ch,time_sec
movielens_graph_signal,knn__k3,tv,0.4,0,0.08873498852657181,0.7036390249162109,-inf,4.697311106679748,"{""lam"": 0.2, ""n_iter"": 30}",,10,0.15734320000046864
movielens_graph_signal,knn__k3,tv,0.4,1,0.08552057883330103,0.665887540610061,-inf,3.9330070661484062,"{""lam"": 0.2, ""n_iter"": 30}",,10,0.16067979999934323
movielens_graph_signal,knn__k3,tv,0.4,2,0.08254115683604149,0.5723438158169801,-inf,3.869530221400923,"{""lam"": 0.2, ""n_iter"": 30}",,10,0.166757899998629
movielens_graph_signal,knn__k3,tv,0.4,3,0.08728263767340604,0.6841526385653618,-inf,5.686529660529399,"{""lam"": 0.2, ""n_iter"": 30}",,10,0.148306600000069
movielens_graph_signal,knn__k3,tv,0.4,4,0.0824317834951287,0.6100831441320563,-inf,3.822765561838368,"{""lam"": 0.2, ""n_iter"": 30}",,10,0.14596890000029816
movielens_graph_signal,knn__k3,tv,0.4,5,0.08831922485292867,0.6673420462013089,-inf,4.041334546142223,"{""lam"": 0.2, ""n_iter"": 30}",,10,0.14216570000280626
