method,mae_mean,mae_std,mae_median,time_mean_sec
trss,0.044031896199732794,0.0008372401851668703,0.043914292502656015,0.018300799999148392
