method,mae_mean,mae_std,mae_median,time_mean_sec
tv,0.027215669806978444,0.0016936947975414263,0.026601957385679366,0.2027293833331593
