method,mae_mean,mae_std,mae_median,time_mean_sec
trss,0.012101161267586313,0.00045328254967003535,0.012057840153433617,0.016822449998774875
