dataset,graph,method,missing_ratio,seed,mae,rmse,snr,dtw,params,error,n_missing_ch,time_sec
bci_iv2a_real_s1,gaussian__sigma1.0,trss,0.2,0,0.04839947175570072,0.15626319466749544,16.914492992693017,1.0154576500511512,"{""alpha"": 0.7, ""beta"": 0.2, ""n_iter"": 60, ""lr"": 0.03}",,5,0.017600699997274205
bci_iv2a_real_s1,gaussian__sigma1.0,trss,0.2,1,0.04801801513456129,0.1610630374551219,16.968411642015912,1.0138621632463831,"{""alpha"": 0.7, ""beta"": 0.2, ""n_iter"": 60, ""lr"": 0.03}",,5,0.0175243000012415
bci_iv2a_real_s1,gaussian__sigma1.0,trss,0.2,2,0.04715709284516656,0.15749570592389983,17.016722633162633,1.0058813732910388,"{""alpha"": 0.7, ""beta"": 0.2, ""n_iter"": 60, ""lr"": 0.03}",,5,0.017669099997874582
bci_iv2a_real_s1,gaussian__sigma1.0,trss,0.2,3,0.047469518340091825,0.15678047234372125,16.85350056946398,0.9752028135969347,"{""alpha"": 0.7, ""beta"": 0.2, ""n_iter"": 60, ""lr"": 0.03}",,5,0.017493899998953566
bci_iv2a_real_s1,gaussian__sigma1.0,trss,0.2,4,0.04759726537724022,0.15626506795948428,17.124259283670405,1.0534020996847562,"{""alpha"": 0.7, ""beta"": 0.2, ""n_iter"": 60, ""lr"": 0.03}",,5,0.017402299999957904
bci_iv2a_real_s1,gaussian__sigma1.0,trss,0.2,5,0.045702780397043646,0.1484415054552461,17.061187321640165,1.030959580180473,"{""alpha"": 0.7, ""beta"": 0.2, ""n_iter"": 60, ""lr"": 0.03}",,5,0.01843120000194176
