method,mae_mean,mae_std,mae_median,time_mean_sec
trss,0.11993938462262281,0.0011176250276847312,0.12032815290225057,0.018508850000216626
