method,mae_mean,mae_std,mae_median,time_mean_sec
trss,0.058118741877069856,0.0011808368399431172,0.05847031920996357,0.018836283334167092
