dataset,graph,method,missing_ratio,seed,mae,rmse,snr,dtw,params,error,n_missing_ch,time_sec
iv100hz_mat,knn__k3,trss,0.4,0,0.03587843506253094,0.0835427972126471,7.500166851528893,0.4007579386094118,"{""alpha"": 0.7, ""beta"": 0.2, ""n_iter"": 60, ""lr"": 0.03}",,10,0.020502199997281423
iv100hz_mat,knn__k3,trss,0.4,1,0.035637595149810145,0.08075847956057733,7.4190730719540126,0.43200332820708515,"{""alpha"": 0.7, ""beta"": 0.2, ""n_iter"": 60, ""lr"": 0.03}",,10,0.01938959999824874
iv100hz_mat,knn__k3,trss,0.4,2,0.03596151398064748,0.08071786165538301,7.284150738592937,0.43343354789020894,"{""alpha"": 0.7, ""beta"": 0.2, ""n_iter"": 60, ""lr"": 0.03}",,10,0.017456900000979658
iv100hz_mat,knn__k3,trss,0.4,3,0.03566685947278406,0.08115885957080442,7.4455043614466305,0.4313880450002374,"{""alpha"": 0.7, ""beta"": 0.2, ""n_iter"": 60, ""lr"": 0.03}",,10,0.018440200001350604
iv100hz_mat,knn__k3,trss,0.4,4,0.035082513437422205,0.07810867752112105,7.494185580376931,0.41106191400753406,"{""alpha"": 0.7, ""beta"": 0.2, ""n_iter"": 60, ""lr"": 0.03}",,10,0.017995400001382222
iv100hz_mat,knn__k3,trss,0.4,5,0.035355292494173705,0.08055715518626139,7.433536454852638,0.42967611547854306,"{""alpha"": 0.7, ""beta"": 0.2, ""n_iter"": 60, ""lr"": 0.03}",,10,0.019458599999779835
