method,mae_mean,mae_std,mae_median,time_mean_sec
trss,0.035597034932894754,0.00032915752543701313,0.0356522273112971,0.018873816666503746
