method,mae_mean,mae_std,mae_median,time_mean_sec
nearest,0.06022524877422913,0.0019231179215740443,0.06048809101242679,0.004915900000924012
