dataset,graph,method,missing_ratio,seed,mae,rmse,snr,dtw,params,error,n_missing_ch,time_sec
bci_iv2a_real_s1,gaussian__sigma1.0,trss,0.4,0,0.12488942446706082,0.2753964942383755,11.845302830856989,1.768667976959754,"{""alpha"": 0.7, ""beta"": 0.2, ""n_iter"": 60, ""lr"": 0.03}",,10,0.01884040000004461
bci_iv2a_real_s1,gaussian__sigma1.0,trss,0.4,1,0.12185081224862926,0.26930728155814576,12.159541340362628,1.817848367198339,"{""alpha"": 0.7, ""beta"": 0.2, ""n_iter"": 60, ""lr"": 0.03}",,10,0.019816300002275966
bci_iv2a_real_s1,gaussian__sigma1.0,trss,0.4,2,0.1254240180957141,0.2768908275633581,11.985441941180852,1.7891445754536595,"{""alpha"": 0.7, ""beta"": 0.2, ""n_iter"": 60, ""lr"": 0.03}",,10,0.01942629999757628
bci_iv2a_real_s1,gaussian__sigma1.0,trss,0.4,3,0.1235748063637922,0.2688334232657844,12.117743794747339,1.7418885243419686,"{""alpha"": 0.7, ""beta"": 0.2, ""n_iter"": 60, ""lr"": 0.03}",,10,0.018993700003193226
bci_iv2a_real_s1,gaussian__sigma1.0,trss,0.4,4,0.12462606546052601,0.27342120933527003,12.016666633810368,1.7628147509524317,"{""alpha"": 0.7, ""beta"": 0.2, ""n_iter"": 60, ""lr"": 0.03}",,10,0.018722700002399506
bci_iv2a_real_s1,gaussian__sigma1.0,trss,0.4,5,0.12351351187753329,0.27358621440782793,11.985804537456138,1.7454144858682052,"{""alpha"": 0.7, ""beta"": 0.2, ""n_iter"": 60, ""lr"": 0.03}",,10,0.01949610000156099
