method,mae_mean,mae_std,mae_median,time_mean_sec
trss,0.020805385567496188,0.0004590040023448739,0.020724862761728177,0.01771766666691595
