method,mae_mean,mae_std,mae_median,time_mean_sec
trss,0.05248350625828339,0.0010579088945622424,0.05273127637149676,0.019339933333564357
