method,mae_mean,mae_std,mae_median,time_mean_sec
nearest,0.029767746029353198,0.0012236856956046487,0.029371057837782474,0.002861783333476827
