method,mae_mean,mae_std,mae_median,time_mean_sec
tv,0.08581322728672713,0.0026283359974929622,0.0862999785675729,0.20409696666623253
