method,mae_mean,mae_std,mae_median,time_mean_sec
trss,0.025427132245021227,0.00047473492317000467,0.02526880573951156,0.018175416666053934
