method,mae_mean,mae_std,mae_median,time_mean_sec
mean,0.019209357868494443,0.0017643133990318935,0.019538192055461315,0.0021589333337033167
