dataset,graph,method,missing_ratio,seed,mae,rmse,snr,dtw,params,error,n_missing_ch,time_sec
bci_iv2a_real_s3,knn__k3,nearest,0.1,0,0.029251467432643043,0.14543361653678896,18.81626655889252,0.9595774495711534,{},,2,0.0030913999980839435
bci_iv2a_real_s3,knn__k3,nearest,0.1,1,0.029433018908946517,0.141278710369931,18.57632865156729,0.9931108850750757,{},,2,0.002817600001435494
bci_iv2a_real_s3,knn__k3,nearest,0.1,2,0.029309096766618435,0.13984708503711551,18.611729745577822,1.0004449154885229,{},,2,0.0028702000017801765
bci_iv2a_real_s3,knn__k3,nearest,0.1,3,0.02844973472823548,0.13951148501183797,18.982908980075248,0.8211890453356313,{},,2,0.0030932999979995657
bci_iv2a_real_s3,knn__k3,nearest,0.1,4,0.03200586797627978,0.15649720404604156,18.671310663971322,0.9777242460274532,{},,2,0.0026477999999769963
bci_iv2a_real_s3,knn__k3,nearest,0.1,5,0.030157290363395938,0.15640256501991734,18.61630785169043,0.9658377690092445,{},,2,0.002650400001584785
