method,mae_mean,mae_std,mae_median,time_mean_sec
tv,0.03967329892129352,0.0036340415999947147,0.03986941117645401,0.14669561666657197
