method,mae_mean,mae_std,mae_median,time_mean_sec
tv,0.06740734647770025,0.002308458292724105,0.06701821880546924,0.2040062333332268
