dataset,graph,method,missing_ratio,seed,mae,rmse,snr,dtw,params,error,n_missing_ch,time_sec
bci_iv2a_real_s1,gaussian__sigma1.0,trss,0.3,0,0.0939755320881741,0.23078230808425668,13.597476343868008,1.5316325181776318,"{""alpha"": 0.7, ""beta"": 0.2, ""n_iter"": 60, ""lr"": 0.03}",,7,0.01970620000065537
bci_iv2a_real_s1,gaussian__sigma1.0,trss,0.3,1,0.09347920368823823,0.24017710509580126,13.504749695668925,1.448872325648731,"{""alpha"": 0.7, ""beta"": 0.2, ""n_iter"": 60, ""lr"": 0.03}",,7,0.01810280000063358
bci_iv2a_real_s1,gaussian__sigma1.0,trss,0.3,2,0.09320863375598076,0.23052006324905663,13.594722519820877,1.4885577955620855,"{""alpha"": 0.7, ""beta"": 0.2, ""n_iter"": 60, ""lr"": 0.03}",,7,0.019006399998033885
bci_iv2a_real_s1,gaussian__sigma1.0,trss,0.3,3,0.09008164711321556,0.2238401521469524,13.932276113624939,1.5192763926193866,"{""alpha"": 0.7, ""beta"": 0.2, ""n_iter"": 60, ""lr"": 0.03}",,7,0.019442100001469953
bci_iv2a_real_s1,gaussian__sigma1.0,trss,0.3,4,0.0901696836351375,0.2210413570537485,13.758514502589675,1.4474798989648467,"{""alpha"": 0.7, ""beta"": 0.2, ""n_iter"": 60, ""lr"": 0.03}",,7,0.018369900000834605
bci_iv2a_real_s1,gaussian__sigma1.0,trss,0.3,5,0.0917470979736236,0.22482041799362723,13.455180710259521,1.4716320265066256,"{""alpha"": 0.7, ""beta"": 0.2, ""n_iter"": 60, ""lr"": 0.03}",,7,0.019327400001202477
