method,mae_mean,mae_std,mae_median,time_mean_sec
trss,0.023222296046648588,0.0007613722414846303,0.023096602294159607,0.016676433334093115
