method,mae_mean,mae_std,mae_median,time_mean_sec
trss,0.038906402259970135,0.0007250809134376696,0.03920985271428177,0.019021466666041913
