method,mae_mean,mae_std,mae_median,time_mean_sec
trss,0.09211029970906164,0.0017072003521876227,0.09247786586480218,0.018992466667138313
