method,mae_mean,mae_std,mae_median,time_mean_sec
tv,0.06740829212229729,0.0023405743647317012,0.06695829298760422,0.15526961666728312
