method,mae_mean,mae_std,mae_median,time_mean_sec
trss,0.2577498791768848,0.006157494840091318,0.25756004744033184,0.0028719000001729
