dataset,graph,method,missing_ratio,seed,mae,rmse,snr,dtw,params,error,n_missing_ch,time_sec
iris_graph_signal,gaussian__sigma1.0,trss,0.2,0,0.0986422464856319,0.3000832413888843,12.281088527224501,1.6399654422999403,"{""alpha"": 0.7, ""beta"": 0.2, ""n_iter"": 60, ""lr"": 0.03}",,1,0.003137400002742652
iris_graph_signal,gaussian__sigma1.0,trss,0.2,1,0.10806166344138898,0.3288188342268109,11.464798811445492,2.0201779349977755,"{""alpha"": 0.7, ""beta"": 0.2, ""n_iter"": 60, ""lr"": 0.03}",,1,0.0028275000004214235
iris_graph_signal,gaussian__sigma1.0,trss,0.2,2,0.11531106053009411,0.34397056415623584,11.829089466604847,1.8421371395361004,"{""alpha"": 0.7, ""beta"": 0.2, ""n_iter"": 60, ""lr"": 0.03}",,1,0.0026952999978675507
iris_graph_signal,gaussian__sigma1.0,trss,0.2,3,0.09352290008188051,0.28251708253212,12.184086962180427,1.8834890678160598,"{""alpha"": 0.7, ""beta"": 0.2, ""n_iter"": 60, ""lr"": 0.03}",,1,0.0025034999998752028
iris_graph_signal,gaussian__sigma1.0,trss,0.2,4,0.09174769315871922,0.2948006430592684,12.530560551494476,1.677159939611292,"{""alpha"": 0.7, ""beta"": 0.2, ""n_iter"": 60, ""lr"": 0.03}",,1,0.00250170000072103
iris_graph_signal,gaussian__sigma1.0,trss,0.2,5,0.10000375886811336,0.29215368873338055,11.5936292528123,1.829834452512839,"{""alpha"": 0.7, ""beta"": 0.2, ""n_iter"": 60, ""lr"": 0.03}",,1,0.002911399998993147
