comparison,tv_median,instant_median,u_statistic,p_value,decision,gain_pct
TV_vs_Instant,0.014142892240236637,0.016195204872389596,5.0,0.24285714285714285,NO-GO,12.672347452991135
