dataset,graph,method,missing_ratio,seed,mae,rmse,snr,dtw,params,error,n_missing_ch,time_sec
physionet_eegmmidb_real,knn__k3,mean,0.3,0,0.13576501514156653,0.3178853286078836,10.334159919279607,2.1976422810430827,{},,7,0.0029916999919805676
physionet_eegmmidb_real,knn__k3,nearest,0.3,0,0.15549292643569196,0.37595444567512504,8.948786815869946,2.4191649617913913,{},,7,0.006772000007913448
physionet_eegmmidb_real,knn__k3,tv,0.3,0,0.13301700984115633,0.31193661126093,10.509899613167391,2.158688693710417,"{""lam"": 0.2, ""n_iter"": 30}",,7,0.1490235999954166
physionet_eegmmidb_real,knn__k3,trss,0.3,0,0.07299438481181841,0.18555871758650122,15.75067116253067,1.2799604648464464,"{""alpha"": 0.7, ""beta"": 0.2, ""n_iter"": 60, ""lr"": 0.03}",,7,0.01886989999911748
physionet_eegmmidb_real,knn__k3,mean,0.3,1,0.13937809129200218,0.32751675668344693,10.157726808401891,2.151978071548355,{},,7,0.002250400008051656
physionet_eegmmidb_real,knn__k3,nearest,0.3,1,0.15415539864415767,0.3721750908212567,9.176932134754106,2.3817710790431783,{},,7,0.006642899999860674
physionet_eegmmidb_real,knn__k3,tv,0.3,1,0.13657051012116472,0.3216059393659525,10.333584027902996,2.117586769003442,"{""lam"": 0.2, ""n_iter"": 30}",,7,0.14969630000996403
physionet_eegmmidb_real,knn__k3,trss,0.3,1,0.07314213206512449,0.18516227888981696,15.725061441778507,1.2757894918189034,"{""alpha"": 0.7, ""beta"": 0.2, ""n_iter"": 60, ""lr"": 0.03}",,7,0.01866919999883976
