comparison,tv_median,instant_median,u_statistic,p_value,decision,gain_pct
TV_vs_Instant,0.05137978218506612,0.06336817818031729,1.0,0.02857142857142857,GO,18.918637618297296
