dataset,graph,method,missing_ratio,seed,mae,rmse,snr,dtw,params,error,n_missing_ch,time_sec
physionet_eegmmidb_real,gaussian__sigma1.0,mean,2ch,0,0.03966871777833106,0.17694793018603483,15.715258986505807,1.163346953982917,{},,2,0.0019807000062428415
physionet_eegmmidb_real,gaussian__sigma1.0,nearest,2ch,0,0.04494861541034563,0.20670331337712508,14.280116281828379,1.3459005986049801,{},,2,0.0028316000098129734
physionet_eegmmidb_real,gaussian__sigma1.0,tv,2ch,0,0.039668661858215264,0.17694770695222825,15.715270858348795,1.1633455755482982,"{""lam"": 0.2, ""n_iter"": 30}",,2,0.19371330000285525
physionet_eegmmidb_real,gaussian__sigma1.0,trss,2ch,0,0.028848548917419177,0.13095997070553045,18.357290347436578,0.8836029225611032,"{""alpha"": 0.7, ""beta"": 0.2, ""n_iter"": 60, ""lr"": 0.03}",,2,0.01697680000506807
physionet_eegmmidb_real,gaussian__sigma1.0,mean,2ch,1,0.038639350404436695,0.1642582760353069,15.952146395128615,1.0692441956547014,{},,2,0.0019960000063292682
physionet_eegmmidb_real,gaussian__sigma1.0,nearest,2ch,1,0.04351806624884451,0.19441691324875618,14.772311855756408,1.2060131703634338,{},,2,0.0028962999931536615
physionet_eegmmidb_real,gaussian__sigma1.0,tv,2ch,1,0.038639296125596787,0.164258061614358,15.952158355481393,1.0692429671140236,"{""lam"": 0.2, ""n_iter"": 30}",,2,0.21977280000282917
physionet_eegmmidb_real,gaussian__sigma1.0,trss,2ch,1,0.028185380051457758,0.12230567226745787,18.59574247906986,0.8460242243380042,"{""alpha"": 0.7, ""beta"": 0.2, ""n_iter"": 60, ""lr"": 0.03}",,2,0.0169093000004068
