comparison,tv_median,instant_median,u_statistic,p_value,decision,gain_pct
TV_vs_Instant,0.0568505255345709,0.08297512144000024,0.0,0.014285714285714285,GO,31.4848540767972
