comparison,tv_median,instant_median,u_statistic,p_value,decision,gain_pct
TV_vs_Instant,0.10307957095314041,0.14676674496807993,1.0,0.02857142857142857,GO,29.766398392524803
