dataset,graph,method,missing_ratio,seed,mae,rmse,snr,dtw,params,error,n_missing_ch,time_sec
physionet_eegmmidb_real,knn__k3,mean,0.1,0,0.03966871777833106,0.17694793018603483,15.715258986505807,1.163346953982917,{},,2,0.002025500012678094
physionet_eegmmidb_real,knn__k3,nearest,0.1,0,0.04494861541034563,0.20670331337712508,14.280116281828379,1.3459005986049801,{},,2,0.0033549999934621155
physionet_eegmmidb_real,knn__k3,tv,0.1,0,0.03859679128376245,0.1727167876149974,15.972388227309521,1.1356617013308499,"{""lam"": 0.2, ""n_iter"": 30}",,2,0.15864230001170654
physionet_eegmmidb_real,knn__k3,trss,0.1,0,0.01900629221977563,0.09267244253162905,22.130197578370566,0.6251970431164132,"{""alpha"": 0.7, ""beta"": 0.2, ""n_iter"": 60, ""lr"": 0.03}",,2,0.01625620000413619
physionet_eegmmidb_real,knn__k3,mean,0.1,1,0.038639350404436695,0.1642582760353069,15.952146395128615,1.0692441956547014,{},,2,0.0019834999984595925
physionet_eegmmidb_real,knn__k3,nearest,0.1,1,0.04351806624884451,0.19441691324875618,14.772311855756408,1.2060131703634338,{},,2,0.0027464000013424084
physionet_eegmmidb_real,knn__k3,tv,0.1,1,0.03755643551611718,0.15998454594735062,16.19147553062678,1.0475041301889494,"{""lam"": 0.2, ""n_iter"": 30}",,2,0.14684010000200942
physionet_eegmmidb_real,knn__k3,trss,0.1,1,0.018084000200991508,0.08722740548549766,22.301688944873078,0.5961172643472032,"{""alpha"": 0.7, ""beta"": 0.2, ""n_iter"": 60, ""lr"": 0.03}",,2,0.016473499999847263
