dataset,graph,method,missing_ratio,seed,mae,rmse,snr,dtw,params,error,n_missing_ch,time_sec
physionet_eegmmidb_real,gaussian__sigma1.0,mean,3ch,0,0.05940466237730157,0.21094535208463946,13.920939718777513,1.447562105451688,{},,3,0.0020155000092927366
physionet_eegmmidb_real,gaussian__sigma1.0,nearest,3ch,0,0.06759000868270265,0.2539860063559059,12.651284410184594,1.5147936588036772,{},,3,0.00411300000268966
physionet_eegmmidb_real,gaussian__sigma1.0,tv,3ch,0,0.059404584953592375,0.21094509381595053,13.920950824040787,1.447560468300539,"{""lam"": 0.2, ""n_iter"": 30}",,3,0.20484570000553504
physionet_eegmmidb_real,gaussian__sigma1.0,trss,3ch,0,0.04412679653287412,0.16080290578401166,16.415782325677228,1.1444925047600447,"{""alpha"": 0.7, ""beta"": 0.2, ""n_iter"": 60, ""lr"": 0.03}",,3,0.016441599989775568
physionet_eegmmidb_real,gaussian__sigma1.0,mean,3ch,1,0.058632842377808074,0.20978901956323368,13.959121241261423,1.4307409669643303,{},,3,0.0019782000017585233
physionet_eegmmidb_real,gaussian__sigma1.0,nearest,3ch,1,0.06733169398333301,0.25021853451346326,12.580474532619084,1.6189122327135592,{},,3,0.004132300004130229
physionet_eegmmidb_real,gaussian__sigma1.0,tv,3ch,1,0.05863276783725812,0.2097887679382024,13.959132179084682,1.430739768585881,"{""lam"": 0.2, ""n_iter"": 30}",,3,0.20123389999207575
physionet_eegmmidb_real,gaussian__sigma1.0,trss,3ch,1,0.04361744093839462,0.15716787542560906,16.42826769921166,1.142518779413519,"{""alpha"": 0.7, ""beta"": 0.2, ""n_iter"": 60, ""lr"": 0.03}",,3,0.01669410000613425
