dataset,graph,method,missing_ratio,seed,mae,rmse,snr,dtw,params,error,n_missing_ch,time_sec
physionet_eegmmidb_real,gaussian__sigma1.0,mean,1ch,0,0.01830552596025264,0.109568357515205,19.45262796726045,0.6861559144831381,{},,1,0.0022099999914644286
physionet_eegmmidb_real,gaussian__sigma1.0,nearest,1ch,0,0.021004354860879742,0.13293106237546423,18.21411527642819,0.7857348329485631,{},,1,0.002367200009757653
physionet_eegmmidb_real,gaussian__sigma1.0,tv,1ch,0,0.01830549790664116,0.10956819107712112,19.452641028453854,0.6861550145564888,"{""lam"": 0.2, ""n_iter"": 30}",,1,0.1987102999992203
physionet_eegmmidb_real,gaussian__sigma1.0,trss,1ch,0,0.012916640782517438,0.07862245547153762,22.31360945615933,0.5113087623823885,"{""alpha"": 0.7, ""beta"": 0.2, ""n_iter"": 60, ""lr"": 0.03}",,1,0.017142900003818795
physionet_eegmmidb_real,gaussian__sigma1.0,mean,1ch,1,0.0195519027213289,0.12080793402458004,18.78640145302975,0.7373442694407384,{},,1,0.0019819000008283183
physionet_eegmmidb_real,gaussian__sigma1.0,nearest,1ch,1,0.021678695521067538,0.1352259962968914,17.71711179698936,0.816663983848524,{},,1,0.0023511000035796314
physionet_eegmmidb_real,gaussian__sigma1.0,tv,1ch,1,0.019551875652173915,0.12080776952077918,18.786413174344258,0.7373434269413505,"{""lam"": 0.2, ""n_iter"": 30}",,1,0.20167760000913404
physionet_eegmmidb_real,gaussian__sigma1.0,trss,1ch,1,0.013811679357546585,0.08684792894439212,21.727934364245517,0.5548797188555191,"{""alpha"": 0.7, ""beta"": 0.2, ""n_iter"": 60, ""lr"": 0.03}",,1,0.016073799997684546
