comparison,tv_median,instant_median,u_statistic,p_value,decision,gain_pct
TV_vs_Instant,0.013585381198625818,0.02027812879110432,1.0,0.02857142857142857,GO,33.00475927253456
