comparison,tv_median,instant_median,u_statistic,p_value,decision,gain_pct
TV_vs_Instant,0.06761016978541795,0.08297512144000024,1.0,0.02857142857142857,GO,18.517540424080934
