comparison,tv_median,instant_median,u_statistic,p_value,decision,gain_pct
TV_vs_Instant,0.028281363867946406,0.041593392013587784,0.0,0.014285714285714285,GO,32.005151542563745
