comparison,tv_median,instant_median,u_statistic,p_value,decision,gain_pct
TV_vs_Instant,0.04424110481464538,0.05081189439946439,5.0,0.24285714285714285,NO-GO,12.931597340500394
