comparison,tv_median,instant_median,u_statistic,p_value,decision,gain_pct
TV_vs_Instant,0.10895891127507482,0.1199269463159646,5.0,0.24285714285714285,NO-GO,9.145596863604725
