dataset,graph,method,missing_ratio,seed,mae,rmse,snr,dtw,params,error,n_missing_ch,time_sec
physionet_eegmmidb_real,knn__k3,mean,3ch,0,0.05940466237730157,0.21094535208463946,13.920939718777513,1.447562105451688,{},,3,0.002021199994487688
physionet_eegmmidb_real,knn__k3,nearest,3ch,0,0.06759000868270265,0.2539860063559059,12.651284410184594,1.5147936588036772,{},,3,0.0035116000071866438
physionet_eegmmidb_real,knn__k3,tv,3ch,0,0.05799088486541589,0.2063193610423711,14.131282445410811,1.417365501729473,"{""lam"": 0.2, ""n_iter"": 30}",,3,0.14840389999153558
physionet_eegmmidb_real,knn__k3,trss,3ch,0,0.029746920431729072,0.11751643914335747,20.157246174387478,0.7714152381593539,"{""alpha"": 0.7, ""beta"": 0.2, ""n_iter"": 60, ""lr"": 0.03}",,3,0.01700370000617113
physionet_eegmmidb_real,knn__k3,mean,3ch,1,0.058632842377808074,0.20978901956323368,13.959121241261423,1.4307409669643303,{},,3,0.00196610001148656
physionet_eegmmidb_real,knn__k3,nearest,3ch,1,0.06733169398333301,0.25021853451346326,12.580474532619084,1.6189122327135592,{},,3,0.003972199992858805
physionet_eegmmidb_real,knn__k3,tv,3ch,1,0.05726444128344294,0.20519147498829807,14.173519431266627,1.4094271278277226,"{""lam"": 0.2, ""n_iter"": 30}",,3,0.15615189999516588
physionet_eegmmidb_real,knn__k3,trss,3ch,1,0.028896162688805575,0.10779671105800118,20.20716132822105,0.7930802421661659,"{""alpha"": 0.7, ""beta"": 0.2, ""n_iter"": 60, ""lr"": 0.03}",,3,0.01713710000331048
