dataset,graph,method,missing_ratio,seed,mae,rmse,snr,dtw,params,error,n_missing_ch,time_sec
physionet_eegmmidb_real,gaussian__sigma1.0,mean,0.3,0,0.13576501514156653,0.3178853286078836,10.334159919279607,2.1976422810430827,{},,7,0.002376800010097213
physionet_eegmmidb_real,gaussian__sigma1.0,nearest,0.3,0,0.15549292643569196,0.37595444567512504,8.948786815869946,2.4191649617913913,{},,7,0.007337300005019642
physionet_eegmmidb_real,gaussian__sigma1.0,tv,0.3,0,0.13576487765599257,0.3178850201020534,10.334168728529393,2.1976402953582856,"{""lam"": 0.2, ""n_iter"": 30}",,7,0.2067650999961188
physionet_eegmmidb_real,gaussian__sigma1.0,trss,0.3,0,0.10648166680568005,0.25222721924080993,12.329498804977929,1.8149696321136728,"{""alpha"": 0.7, ""beta"": 0.2, ""n_iter"": 60, ""lr"": 0.03}",,7,0.018175200006226078
physionet_eegmmidb_real,gaussian__sigma1.0,mean,0.3,1,0.13937809129200218,0.32751675668344693,10.157726808401891,2.151978071548355,{},,7,0.00207129999762401
physionet_eegmmidb_real,gaussian__sigma1.0,nearest,0.3,1,0.15415539864415767,0.3721750908212567,9.176932134754106,2.3817710790431783,{},,7,0.006903100002091378
physionet_eegmmidb_real,gaussian__sigma1.0,tv,0.3,1,0.1393779479698079,0.3275164428606416,10.15773564424051,2.1519762160900293,"{""lam"": 0.2, ""n_iter"": 30}",,7,0.20338280001305975
physionet_eegmmidb_real,gaussian__sigma1.0,trss,0.3,1,0.1075089069294927,0.25688936300023535,12.281180003940841,1.774163780140901,"{""alpha"": 0.7, ""beta"": 0.2, ""n_iter"": 60, ""lr"": 0.03}",,7,0.017982499994104728
