dataset,graph,method,missing_ratio,seed,mae,rmse,snr,dtw,params,error,n_missing_ch,time_sec
physionet_eegmmidb_real,gaussian__sigma1.0,mean,0.2,0,0.07801899819873173,0.2395998548459227,12.607840552159239,1.633411604933811,{},,5,0.002133100002538413
physionet_eegmmidb_real,gaussian__sigma1.0,nearest,0.2,0,0.08997490141558556,0.2831274314568483,11.540641442481212,1.8432947597343319,{},,5,0.004197900008875877
physionet_eegmmidb_real,gaussian__sigma1.0,tv,0.2,0,0.07801890499403037,0.23959957815292096,12.607850745637927,1.6334101180189313,"{""lam"": 0.2, ""n_iter"": 30}",,5,0.19224990000657272
physionet_eegmmidb_real,gaussian__sigma1.0,trss,0.2,0,0.057907308946125814,0.18111768606829992,15.082753265397761,1.3025329656246234,"{""alpha"": 0.7, ""beta"": 0.2, ""n_iter"": 60, ""lr"": 0.03}",,5,0.01798370000324212
physionet_eegmmidb_real,gaussian__sigma1.0,mean,0.2,1,0.07731312574822002,0.23759793363337608,12.771545140918112,1.5786667600238078,{},,5,0.0020207999914418906
physionet_eegmmidb_real,gaussian__sigma1.0,nearest,0.2,1,0.08793124468126876,0.28440559643105223,11.3779948079679,1.8468043423164298,{},,5,0.004328600000008009
physionet_eegmmidb_real,gaussian__sigma1.0,tv,0.2,1,0.0773130306247101,0.23759765234694505,12.7715560422295,1.57866496653234,"{""lam"": 0.2, ""n_iter"": 30}",,5,0.19187000000965782
physionet_eegmmidb_real,gaussian__sigma1.0,trss,0.2,1,0.05727635869329158,0.17870760126496094,15.225237638929267,1.2244377853592094,"{""alpha"": 0.7, ""beta"": 0.2, ""n_iter"": 60, ""lr"": 0.03}",,5,0.01731599999766331
