comparison,tv_median,instant_median,u_statistic,p_value,decision,gain_pct
TV_vs_Instant,0.033743922521507985,0.041593392013587784,1.0,0.02857142857142857,GO,18.871914773182056
