comparison,tv_median,instant_median,u_statistic,p_value,decision,gain_pct
TV_vs_Instant,0.029031803125251446,0.032535468294977776,5.0,0.24285714285714285,NO-GO,10.768755924952094
