dataset,graph,method,missing_ratio,seed,mae,rmse,snr,dtw,params,error,n_missing_ch,time_sec
bci_iv2a_real_s1,knn__k3,mean,2ch,0,0.03566736387059321,0.16865231170813588,17.086907257598877,0.9371052070728129,{},,2,0.002382699996815063
bci_iv2a_real_s1,knn__k3,nearest,2ch,0,0.03136143844330086,0.16715907412687447,18.943749086561077,0.8861829906694019,{},,2,0.0031398999999510124
bci_iv2a_real_s1,knn__k3,tv,2ch,0,0.035664487290949495,0.16864219813757583,17.087892072364422,0.9370925148959605,"{""lam"": 0.2, ""n_iter"": 30}",,2,0.1676430000079563
bci_iv2a_real_s1,knn__k3,trss,2ch,0,0.02577776611514957,0.11760539560900386,19.951569029757497,0.726216619157681,"{""alpha"": 0.7, ""beta"": 0.2, ""n_iter"": 60, ""lr"": 0.03}",,2,0.015989899999112822
bci_iv2a_real_s1,knn__k3,mean,2ch,1,0.03370949814665469,0.1560448996272997,17.037335721614458,0.9634578623831479,{},,2,0.002176599999074824
bci_iv2a_real_s1,knn__k3,nearest,2ch,1,0.03128864284720532,0.16467767851700296,18.13410391000613,1.0648543375131176,{},,2,0.0027269999991403893
bci_iv2a_real_s1,knn__k3,tv,2ch,1,0.033706721087044415,0.15603271600493088,17.03837700701942,0.9633974441853904,"{""lam"": 0.2, ""n_iter"": 30}",,2,0.1593557000014698
bci_iv2a_real_s1,knn__k3,trss,2ch,1,0.0235367977586356,0.10864901994493023,20.17344426878302,0.7689355085335926,"{""alpha"": 0.7, ""beta"": 0.2, ""n_iter"": 60, ""lr"": 0.03}",,2,0.01662660000147298
