comparison,tv_median,instant_median,u_statistic,p_value,decision,gain_pct
TV_vs_Instant,0.04353867087752544,0.05081189439946439,5.0,0.24285714285714285,NO-GO,14.314017628942432
