dataset,graph,method,missing_ratio,seed,mae,rmse,snr,dtw,params,error,n_missing_ch,time_sec
bci_iv2a_real_s1,knn__k3,mean,0.3,0,0.1258802238122519,0.30754652634198115,11.089641101022751,1.9648400567533646,{},,7,0.002293400000780821
bci_iv2a_real_s1,knn__k3,nearest,0.3,0,0.11275528566371729,0.32535133241233066,12.302947146419177,1.9067394510921274,{},,7,0.006541999988257885
bci_iv2a_real_s1,knn__k3,tv,0.3,0,0.12586455279284706,0.30751214645029085,11.091051516541546,1.9645258602102071,"{""lam"": 0.2, ""n_iter"": 30}",,7,0.14891499999794178
bci_iv2a_real_s1,knn__k3,trss,0.3,0,0.09167771078181053,0.22476112994361155,13.874864566219442,1.4874198264481209,"{""alpha"": 0.7, ""beta"": 0.2, ""n_iter"": 60, ""lr"": 0.03}",,7,0.018453099997714162
bci_iv2a_real_s1,knn__k3,mean,0.3,1,0.12479051071097699,0.3156250485819962,11.073494848918132,1.8192015166724007,{},,7,0.0020155000092927366
bci_iv2a_real_s1,knn__k3,nearest,0.3,1,0.11506338192095221,0.3333708611174374,12.048531166394037,1.8718782141631725,{},,7,0.006601000000955537
bci_iv2a_real_s1,knn__k3,tv,0.3,1,0.12477777543466022,0.31559306190522235,11.074789658972305,1.8190579073049502,"{""lam"": 0.2, ""n_iter"": 30}",,7,0.14936609999858774
bci_iv2a_real_s1,knn__k3,trss,0.3,1,0.09314004711548941,0.23399982374977152,13.688708162439866,1.481558409305716,"{""alpha"": 0.7, ""beta"": 0.2, ""n_iter"": 60, ""lr"": 0.03}",,7,0.017262399996980093
