comparison,tv_median,instant_median,u_statistic,p_value,decision,gain_pct
TV_vs_Instant,0.016058588632093872,0.02027812879110432,1.0,0.02857142857142857,GO,20.80833099778659
