dataset,graph,method,missing_ratio,seed,mae,rmse,snr,dtw,params,error,n_missing_ch,time_sec
bci_iv2a_real_s1,knn__k3,mean,3ch,0,0.05122871374589953,0.19451646655228172,15.476736496295104,1.1545019079654073,{},,3,0.002032500007771887
bci_iv2a_real_s1,knn__k3,nearest,3ch,0,0.048294966615219724,0.21744432660073518,16.897166171201974,1.1751581454265527,{},,3,0.0038712000095983967
bci_iv2a_real_s1,knn__k3,tv,3ch,0,0.05122405899880656,0.1945007274710281,15.477824761837114,1.154427350922788,"{""lam"": 0.2, ""n_iter"": 30}",,3,0.15521840000292286
bci_iv2a_real_s1,knn__k3,trss,3ch,0,0.036482402063108904,0.13555285902121803,18.41738705069157,0.8808222970018017,"{""alpha"": 0.7, ""beta"": 0.2, ""n_iter"": 60, ""lr"": 0.03}",,3,0.016148299997439608
bci_iv2a_real_s1,knn__k3,mean,3ch,1,0.05218463467681064,0.19952005179363716,15.180775371497736,1.2232907037857732,{},,3,0.002195599998231046
bci_iv2a_real_s1,knn__k3,nearest,3ch,1,0.050395075053029245,0.22120856102533562,16.138920374056408,1.32942088572328,{},,3,0.0036869000032311305
bci_iv2a_real_s1,knn__k3,tv,3ch,1,0.05218064045917205,0.1995057842842705,15.181580584637766,1.2232415717247056,"{""lam"": 0.2, ""n_iter"": 30}",,3,0.17077339999377728
bci_iv2a_real_s1,knn__k3,trss,3ch,1,0.037258150630484196,0.138574269355794,18.02945773008716,0.9488779755273332,"{""alpha"": 0.7, ""beta"": 0.2, ""n_iter"": 60, ""lr"": 0.03}",,3,0.017403600009856746
