comparison,tv_median,instant_median,u_statistic,p_value,decision,gain_pct
TV_vs_Instant,0.05844682116200285,0.06580198438165474,5.0,0.24285714285714285,NO-GO,11.177722509083592
