comparison,tv_median,instant_median,u_statistic,p_value,decision,gain_pct
TV_vs_Instant,0.04350568085758601,0.06336817818031729,0.0,0.014285714285714285,GO,31.344592653763154
