dataset,graph,method,missing_ratio,seed,mae,rmse,snr,dtw,params,error,n_missing_ch,time_sec
bci_iv2a_real_s1,gaussian__sigma1.0,mean,0.2,0,0.0693199111683942,0.2264223142277023,13.78681703288058,1.4273891245727783,{},,5,0.0022473999997600913
bci_iv2a_real_s1,gaussian__sigma1.0,nearest,0.2,0,0.06332576136674814,0.2415412689462388,14.922868123546495,1.407332673183321,{},,5,0.004199500006507151
bci_iv2a_real_s1,gaussian__sigma1.0,tv,0.2,0,0.06931990644056904,0.2264223009655515,13.786817718219568,1.427389037450718,"{""lam"": 0.2, ""n_iter"": 30}",,5,0.20207070000469685
bci_iv2a_real_s1,gaussian__sigma1.0,trss,0.2,0,0.04839947175570072,0.15626319466749544,16.914492992693017,1.0154576500511512,"{""alpha"": 0.7, ""beta"": 0.2, ""n_iter"": 60, ""lr"": 0.03}",,5,0.017914800002472475
bci_iv2a_real_s1,gaussian__sigma1.0,mean,0.2,1,0.06827820739656136,0.2275127776363892,13.938874345953451,1.3951215279702165,{},,5,0.0020450000010896474
bci_iv2a_real_s1,gaussian__sigma1.0,nearest,0.2,1,0.061641951867952356,0.23123575306592836,15.133580246784033,1.4166375524470751,{},,5,0.004369400005089119
bci_iv2a_real_s1,gaussian__sigma1.0,tv,0.2,1,0.06827820309282574,0.2275127666682372,13.938874978728016,1.3951214491391017,"{""lam"": 0.2, ""n_iter"": 30}",,5,0.20110640001075808
bci_iv2a_real_s1,gaussian__sigma1.0,trss,0.2,1,0.04801801513456129,0.1610630374551219,16.968411642015912,1.0138621632463831,"{""alpha"": 0.7, ""beta"": 0.2, ""n_iter"": 60, ""lr"": 0.03}",,5,0.017334999996819533
