dataset,graph,method,missing_ratio,seed,mae,rmse,snr,dtw,params,error,n_missing_ch,time_sec
bci_iv2a_real_s1,gaussian__sigma1.0,mean,0.3,0,0.1258802238122519,0.30754652634198115,11.089641101022751,1.9648400567533646,{},,7,0.0020321999909356236
bci_iv2a_real_s1,gaussian__sigma1.0,nearest,0.3,0,0.11275528566371729,0.32535133241233066,12.302947146419177,1.9067394510921274,{},,7,0.006605599992326461
bci_iv2a_real_s1,gaussian__sigma1.0,tv,0.3,0,0.1258802165080144,0.30754651124368165,11.08964169499547,1.9648399412521202,"{""lam"": 0.2, ""n_iter"": 30}",,7,0.2283155000041006
bci_iv2a_real_s1,gaussian__sigma1.0,trss,0.3,0,0.0939755320881741,0.23078230808425668,13.597476343868008,1.5316325181776318,"{""alpha"": 0.7, ""beta"": 0.2, ""n_iter"": 60, ""lr"": 0.03}",,7,0.019454299996141344
bci_iv2a_real_s1,gaussian__sigma1.0,mean,0.3,1,0.12479051071097699,0.3156250485819962,11.073494848918132,1.8192015166724007,{},,7,0.0020176999969407916
bci_iv2a_real_s1,gaussian__sigma1.0,nearest,0.3,1,0.11506338192095221,0.3333708611174374,12.048531166394037,1.8718782141631725,{},,7,0.007263700012117624
bci_iv2a_real_s1,gaussian__sigma1.0,tv,0.3,1,0.12479050418614694,0.3156250352181137,11.073495397352525,1.8192014279200766,"{""lam"": 0.2, ""n_iter"": 30}",,7,0.19968459999654442
bci_iv2a_real_s1,gaussian__sigma1.0,trss,0.3,1,0.09347920368823823,0.24017710509580126,13.504749695668925,1.448872325648731,"{""alpha"": 0.7, ""beta"": 0.2, ""n_iter"": 60, ""lr"": 0.03}",,7,0.01745699999446515
