dataset,graph,method,missing_ratio,seed,mae,rmse,snr,dtw,params,error,n_missing_ch,time_sec
physionet_eegmmidb_real,knn__k3,mean,0.2,0,0.07801899819873173,0.2395998548459227,12.607840552159239,1.633411604933811,{},,5,0.001997599989408627
physionet_eegmmidb_real,knn__k3,nearest,0.2,0,0.08997490141558556,0.2831274314568483,11.540641442481212,1.8432947597343319,{},,5,0.004428999993251637
physionet_eegmmidb_real,knn__k3,tv,0.2,0,0.07620209817365729,0.2343668709323672,12.813248328007298,1.6050179764180192,"{""lam"": 0.2, ""n_iter"": 30}",,5,0.14677029999438673
physionet_eegmmidb_real,knn__k3,trss,0.2,0,0.038252156947141805,0.12720182242385553,18.813178467224354,0.9145834464721164,"{""alpha"": 0.7, ""beta"": 0.2, ""n_iter"": 60, ""lr"": 0.03}",,5,0.017300799998338334
physionet_eegmmidb_real,knn__k3,mean,0.2,1,0.07731312574822002,0.23759793363337608,12.771545140918112,1.5786667600238078,{},,5,0.0020542999991448596
physionet_eegmmidb_real,knn__k3,nearest,0.2,1,0.08793124468126876,0.28440559643105223,11.3779948079679,1.8468043423164298,{},,5,0.004552400001557544
physionet_eegmmidb_real,knn__k3,tv,0.2,1,0.075448894122,0.23224377468465957,12.990674430801766,1.5385392584490447,"{""lam"": 0.2, ""n_iter"": 30}",,5,0.15069209999637678
physionet_eegmmidb_real,knn__k3,trss,0.2,1,0.038157290939165485,0.12727432965142635,18.916721628960026,0.8194673504386253,"{""alpha"": 0.7, ""beta"": 0.2, ""n_iter"": 60, ""lr"": 0.03}",,5,0.01766900000802707
