comparison,tv_median,instant_median,u_statistic,p_value,decision,gain_pct
TV_vs_Instant,0.1043630140442109,0.04605810737766572,314.0,0.99385173214287,NO-GO,-126.58988826540043
