comparison,tv_median,instant_median,u_statistic,p_value,decision,gain_pct
TV_vs_Instant,0.33854151837451346,0.056775068770061554,27.0,0.668997668997669,NO-GO,-496.2855276241111
