comparison,tv_median,instant_median,u_statistic,p_value,decision,gain_pct
TV_vs_Instant,0.4983397561187154,0.21082840235591843,25.0,0.5740925740925741,NO-GO,-136.3722110256393
