comparison,tv_median,instant_median,u_statistic,p_value,decision,gain_pct
TV_vs_Instant,0.14769218247881286,0.07470075944898086,24.0,0.5251415251415251,NO-GO,-97.71175496506658
