comparison,tv_median,instant_median,u_statistic,p_value,decision,gain_pct
TV_vs_Instant,0.16743662321904265,0.14254296702554092,230.0,0.6437640208971187,NO-GO,-17.46396662912262
