comparison,tv_median,instant_median,u_statistic,p_value,decision,gain_pct
TV_vs_Instant,0.0902447676614479,0.023698699163819295,311.0,0.9923935124535694,NO-GO,-280.8005116129927
