comparison,tv_median,instant_median,u_statistic,p_value,decision,gain_pct
TV_vs_Instant,0.10251173229491113,0.04605810737766572,315.0,0.9942795332207878,NO-GO,-122.5704401058838
