comparison,tv_median,instant_median,u_statistic,p_value,decision,gain_pct
TV_vs_Instant,0.14062012883748187,0.034986023125365556,305.0,0.9885401448384877,NO-GO,-301.9323040335199
