comparison,tv_median,instant_median,u_statistic,p_value,decision,gain_pct
TV_vs_Instant,0.09150819787661152,0.023698699163819295,313.0,0.9933958267199303,NO-GO,-286.13173340888136
