comparison,tv_median,instant_median,u_statistic,p_value,decision,gain_pct
TV_vs_Instant,0.17297250299265068,0.06771269029369215,267.0,0.9047236889207386,NO-GO,-155.45064336155042
