comparison,tv_median,instant_median,u_statistic,p_value,decision,gain_pct
TV_vs_Instant,0.180323953164723,0.06762223183050055,297.0,0.9808411012414221,NO-GO,-166.66371145027648
