method,mae_mean,mae_std,mae_median,time_mean_sec
trss,0.02676626806887839,0.00046355485496335237,0.02676626806887839,0.018769799997244263
tv,0.04122121652177416,0.00028912909540482814,0.04122121652177416,0.30490064999685274
mean,0.04362155177415718,2.059479329232616e-05,0.04362155177415718,0.0044991499999014195
nearest,0.056775068770061554,0.00033047104010483014,0.056775068770061554,0.003182199998263968
tikhonov,0.09285476566345557,0.0007005109368289861,0.09285476566345557,0.011668950002786005
graph_time_tikhonov,0.23306515227019314,9.24971023165582e-05,0.23306515227019314,0.010637900002620881
temporal_laplacian,0.505504210621794,0.0015674923966625428,0.505504210621794,3.2911951999958546
