comparison,tv_median,instant_median,u_statistic,p_value,decision,gain_pct
TV_vs_Instant,0.03407939322404207,0.013286623897674037,216.0,0.505069707491635,NO-GO,-156.4940009328331
