comparison,tv_median,instant_median,u_statistic,p_value,decision,gain_pct
TV_vs_Instant,0.1701076607613386,0.14080378795012582,225.0,0.5953991696996707,NO-GO,-20.81184976471834
