comparison,tv_median,instant_median,u_statistic,p_value,decision,gain_pct
TV_vs_Instant,0.10747419185333953,0.023698699163819295,246.0,0.7808895707605223,NO-GO,-353.5024944213813
