comparison,tv_median,instant_median,u_statistic,p_value,decision,gain_pct
TV_vs_Instant,0.0886863030709113,0.023698699163819295,312.0,0.9929102843823773,NO-GO,-274.22435070321626
