comparison,tv_median,instant_median,u_statistic,p_value,decision,gain_pct
TV_vs_Instant,0.13109620374414957,0.03404828401055041,267.0,0.9047236889207386,NO-GO,-285.03028141896164
