comparison,tv_median,instant_median,u_statistic,p_value,decision,gain_pct
TV_vs_Instant,0.2943366627877387,0.16847868391129023,28.0,0.7136197136197137,NO-GO,-74.70261279030228
