comparison,tv_median,instant_median,u_statistic,p_value,decision,gain_pct
TV_vs_Instant,0.22875250225629554,0.07470075944898086,28.0,0.7136197136197137,NO-GO,-206.22513605437837
