comparison,tv_median,instant_median,u_statistic,p_value,decision,gain_pct
TV_vs_Instant,0.11596011204305881,0.04501398484675111,224.0,0.5855215760908683,NO-GO,-157.6090795734745
