comparison,tv_median,instant_median,u_statistic,p_value,decision,gain_pct
TV_vs_Instant,0.23667685290344884,0.056775068770061554,28.0,0.7136197136197137,NO-GO,-316.8675759108063
