comparison,tv_median,instant_median,u_statistic,p_value,decision,gain_pct
TV_vs_Instant,0.14139250069415232,0.08862983401708915,222.0,0.5656093873179944,NO-GO,-59.5314966593413
