comparison,tv_median,instant_median,u_statistic,p_value,decision,gain_pct
TV_vs_Instant,0.14491485743324273,0.04501398484675111,230.0,0.6437640208971187,NO-GO,-221.93296800228072
