comparison,tv_median,instant_median,u_statistic,p_value,decision,gain_pct
TV_vs_Instant,0.24698603458249083,0.07470075944898086,28.0,0.7136197136197137,NO-GO,-230.6339003838072
