comparison,tv_median,instant_median,u_statistic,p_value,decision,gain_pct
TV_vs_Instant,0.13721270430383914,0.056775068770061554,24.0,0.5251415251415251,NO-GO,-141.6777421433855
