comparison,tv_median,instant_median,u_statistic,p_value,decision,gain_pct
TV_vs_Instant,0.11161212026155284,0.02828181964637979,266.0,0.9003467077865417,NO-GO,-294.64264201203804
