comparison,tv_median,instant_median,u_statistic,p_value,decision,gain_pct
TV_vs_Instant,0.199780707202677,0.03404828401055041,267.0,0.9047236889207386,NO-GO,-486.75705107714595
