comparison,tv_median,instant_median,u_statistic,p_value,decision,gain_pct
TV_vs_Instant,0.22397011415544082,0.0673660777474791,29.0,0.7545787545787546,NO-GO,-232.467202551097
