comparison,tv_median,instant_median,u_statistic,p_value,decision,gain_pct
TV_vs_Instant,0.20169782112959483,0.0673660777474791,29.0,0.7545787545787546,NO-GO,-199.40561759533722
