comparison,tv_median,instant_median,u_statistic,p_value,decision,gain_pct
TV_vs_Instant,0.29736918294362835,0.15103764561282834,27.0,0.668997668997669,NO-GO,-96.88414880744895
