comparison,tv_median,instant_median,u_statistic,p_value,decision,gain_pct
TV_vs_Instant,0.03650517576729761,0.013286623897674037,221.0,0.5555871834185583,NO-GO,-174.7513292198195
