comparison,tv_median,instant_median,u_statistic,p_value,decision,gain_pct
TV_vs_Instant,0.3795318652814631,0.21082840235591843,26.0,0.6227106227106227,NO-GO,-80.01932426577949
