comparison,tv_median,instant_median,u_statistic,p_value,decision,gain_pct
TV_vs_Instant,0.04561749444868646,0.025816550440548126,216.0,0.505069707491635,NO-GO,-76.69864358422754
