comparison,tv_median,instant_median,u_statistic,p_value,decision,gain_pct
TV_vs_Instant,0.33433219932300073,0.15581780812977186,202.0,0.36575342207111755,NO-GO,-114.56610341005073
