comparison,tv_median,instant_median,u_statistic,p_value,decision,gain_pct
TV_vs_Instant,0.15747777627678777,0.034986023125365556,304.0,0.9877550058386779,NO-GO,-350.11625274612385
