comparison,tv_median,instant_median,u_statistic,p_value,decision,gain_pct
TV_vs_Instant,0.10278252072565647,0.014600969060858147,259.0,0.8655533236799899,NO-GO,-603.9431444395898
