comparison,tv_median,instant_median,u_statistic,p_value,decision,gain_pct
TV_vs_Instant,0.0484625563446718,0.0257685198464931,24.0,0.5251415251415251,NO-GO,-88.06883993869437
