comparison,tv_median,instant_median,u_statistic,p_value,decision,gain_pct
TV_vs_Instant,0.08825565750684405,0.023698699163819295,309.0,0.9912596044846874,NO-GO,-272.4071810725527
