comparison,tv_median,instant_median,u_statistic,p_value,decision,gain_pct
TV_vs_Instant,0.4563069742542558,0.10191423337656043,25.0,0.5740925740925741,NO-GO,-347.73625737659063
