comparison,tv_median,instant_median,u_statistic,p_value,decision,gain_pct
TV_vs_Instant,0.3373226547562939,0.07470075944898086,26.0,0.6227106227106227,NO-GO,-351.565228043871
