comparison,tv_median,instant_median,u_statistic,p_value,decision,gain_pct
TV_vs_Instant,0.19890753208014744,0.06762223183050055,280.0,0.9494308081055147,NO-GO,-194.14517488674718
