comparison,tv_median,instant_median,u_statistic,p_value,decision,gain_pct
TV_vs_Instant,0.1661536022108769,0.14766929724705194,24.0,0.5251415251415251,NO-GO,-12.517365023347121
