comparison,tv_median,instant_median,u_statistic,p_value,decision,gain_pct
TV_vs_Instant,0.1348526221152114,0.04501398484675111,229.0,0.6342465779288824,NO-GO,-199.5793919918743
