comparison,tv_median,instant_median,u_statistic,p_value,decision,gain_pct
TV_vs_Instant,0.1694974831303699,0.034986023125365556,300.0,0.984130733256998,NO-GO,-384.4719919237717
