comparison,tv_median,instant_median,u_statistic,p_value,decision,gain_pct
TV_vs_Instant,0.22402256366803952,0.15581780812977186,227.0,0.614967137635952,NO-GO,-43.772118448402104
