comparison,tv_median,instant_median,u_statistic,p_value,decision,gain_pct
TV_vs_Instant,0.27851714550960266,0.15581780812977186,231.0,0.6531927356707931,NO-GO,-78.74538786840169
