comparison,tv_median,instant_median,u_statistic,p_value,decision,gain_pct
TV_vs_Instant,0.0351034183122382,0.013286623897674037,221.0,0.5555871834185583,NO-GO,-164.2011889746004
