comparison,tv_median,instant_median,u_statistic,p_value,decision,gain_pct
TV_vs_Instant,0.0427944474651114,0.025816550440548126,228.0,0.6246457755345708,NO-GO,-65.76361572263876
