comparison,tv_median,instant_median,u_statistic,p_value,decision,gain_pct
TV_vs_Instant,0.19718948919541607,0.06879905928247779,29.0,0.7545787545787546,NO-GO,-186.61654861556752
