comparison,tv_median,instant_median,u_statistic,p_value,decision,gain_pct
TV_vs_Instant,0.25117423246178483,0.08862983401708915,231.0,0.6531927356707931,NO-GO,-183.39693427988897
