comparison,tv_median,instant_median,u_statistic,p_value,decision,gain_pct
TV_vs_Instant,0.2012215699224597,0.04501398484675111,231.0,0.6531927356707931,NO-GO,-347.02012187437543
