comparison,tv_median,instant_median,u_statistic,p_value,decision,gain_pct
TV_vs_Instant,0.11748705962436609,0.014600969060858147,255.0,0.8422983827917943,NO-GO,-704.6524798091791
