comparison,tv_median,instant_median,u_statistic,p_value,decision,gain_pct
TV_vs_Instant,0.10592660715488646,0.014600969060858147,260.0,0.8709789913633421,NO-GO,-625.4765537367751
