comparison,tv_median,instant_median,u_statistic,p_value,decision,gain_pct
TV_vs_Instant,0.04459882897958474,0.0257685198464931,24.0,0.5251415251415251,NO-GO,-73.07485740456411
