comparison,tv_median,instant_median,u_statistic,p_value,decision,gain_pct
TV_vs_Instant,0.18138095748511712,0.034986023125365556,267.0,0.9047236889207386,NO-GO,-418.43833989125886
