comparison,tv_median,instant_median,u_statistic,p_value,decision,gain_pct
TV_vs_Instant,0.2741796513181276,0.056775068770061554,24.0,0.5251415251415251,NO-GO,-382.9226230065037
