comparison,tv_median,instant_median,u_statistic,p_value,decision,gain_pct
TV_vs_Instant,0.32556935923391045,0.15103764561282834,25.0,0.5740925740925741,NO-GO,-115.55510741241208
