comparison,tv_median,instant_median,u_statistic,p_value,decision,gain_pct
TV_vs_Instant,0.17054598262857495,0.08862983401708915,230.0,0.6437640208971187,NO-GO,-92.42502766697176
