comparison,tv_median,instant_median,u_statistic,p_value,decision,gain_pct
TV_vs_Instant,0.25756040408891306,0.056775068770061554,24.0,0.5251415251415251,NO-GO,-353.6505365269218
