comparison,tv_median,instant_median,u_statistic,p_value,decision,gain_pct
TV_vs_Instant,0.2687892395999968,0.15103764561282834,28.0,0.7136197136197137,NO-GO,-77.96175152849922
