comparison,tv_median,instant_median,u_statistic,p_value,decision,gain_pct
TV_vs_Instant,0.22416043426939633,0.08895307304842716,25.0,0.5740925740925741,NO-GO,-151.99852752401324
