comparison,tv_median,instant_median,u_statistic,p_value,decision,gain_pct
TV_vs_Instant,0.12488535516627867,0.029162122562213677,29.0,0.7545787545787546,NO-GO,-328.2450802401357
