comparison,tv_median,instant_median,u_statistic,p_value,decision,gain_pct
TV_vs_Instant,0.445921490240212,0.21082840235591843,25.0,0.5740925740925741,NO-GO,-111.50921093041902
