comparison,tv_median,instant_median,u_statistic,p_value,decision,gain_pct
TV_vs_Instant,0.32712799131388415,0.16847868391129023,25.0,0.5740925740925741,NO-GO,-94.16580407651344
