comparison,tv_median,instant_median,u_statistic,p_value,decision,gain_pct
TV_vs_Instant,0.11657370776875002,0.02828181964637979,269.0,0.9130500522671939,NO-GO,-312.186023481951
