comparison,tv_median,instant_median,u_statistic,p_value,decision,gain_pct
TV_vs_Instant,0.10202076284966853,0.043633647558710076,34.0,0.9094239094239094,NO-GO,-133.81213480353037
