comparison,tv_median,instant_median,u_statistic,p_value,decision,gain_pct
TV_vs_Instant,0.22515005596263582,0.1591503394669016,25.0,0.5740925740925741,NO-GO,-41.47004443522418
