comparison,tv_median,instant_median,u_statistic,p_value,decision,gain_pct
TV_vs_Instant,0.41497406633932865,0.21082840235591843,27.0,0.668997668997669,NO-GO,-96.83024758626854
