comparison,tv_median,instant_median,u_statistic,p_value,decision,gain_pct
TV_vs_Instant,0.219653625836352,0.06879905928247779,29.0,0.7545787545787546,NO-GO,-219.26835646762237
