comparison,tv_median,instant_median,u_statistic,p_value,decision,gain_pct
TV_vs_Instant,0.2495517767512177,0.08895307304842716,25.0,0.5740925740925741,NO-GO,-180.54317653012237
