comparison,tv_median,instant_median,u_statistic,p_value,decision,gain_pct
TV_vs_Instant,0.098251916023377,0.014600969060858147,263.0,0.8863379019421483,NO-GO,-572.9136649345274
