comparison,tv_median,instant_median,u_statistic,p_value,decision,gain_pct
TV_vs_Instant,0.22915817320102522,0.04501398484675111,231.0,0.6531927356707931,NO-GO,-409.08217519774803
