comparison,tv_median,instant_median,u_statistic,p_value,decision,gain_pct
TV_vs_Instant,0.3980038029474821,0.10191423337656043,25.0,0.5740925740925741,NO-GO,-290.528182140082
