comparison,tv_median,instant_median,u_statistic,p_value,decision,gain_pct
TV_vs_Instant,0.2476805315393082,0.056775068770061554,28.0,0.7136197136197137,NO-GO,-336.24875654913217
