comparison,tv_median,instant_median,u_statistic,p_value,decision,gain_pct
TV_vs_Instant,0.27642113208272595,0.15581780812977186,236.0,0.6988294257635226,NO-GO,-77.40021849910146
