comparison,tv_median,instant_median,u_statistic,p_value,decision,gain_pct
TV_vs_Instant,0.32665200217833995,0.10191423337656043,27.0,0.668997668997669,NO-GO,-220.5165670740037
