comparison,tv_median,instant_median,u_statistic,p_value,decision,gain_pct
TV_vs_Instant,0.13308175469141215,0.04501398484675111,228.0,0.6246457755345708,NO-GO,-195.64535364839477
