comparison,tv_median,instant_median,u_statistic,p_value,decision,gain_pct
TV_vs_Instant,0.12370739626583911,0.04501398484675111,227.0,0.614967137635952,NO-GO,-174.81991804768583
