comparison,tv_median,instant_median,u_statistic,p_value,decision,gain_pct
TV_vs_Instant,0.14879744049294835,0.034986023125365556,288.0,0.9673129348441271,NO-GO,-325.3053854099447
