comparison,tv_median,instant_median,u_statistic,p_value,decision,gain_pct
TV_vs_Instant,0.35957561019605505,0.10191423337656043,27.0,0.668997668997669,NO-GO,-252.82177796252253
