comparison,tv_median,instant_median,u_statistic,p_value,decision,gain_pct
TV_vs_Instant,0.036309464539587,0.013286623897674037,216.0,0.505069707491635,NO-GO,-173.27833480665734
