comparison,tv_median,instant_median,u_statistic,p_value,decision,gain_pct
TV_vs_Instant,0.05538787485110646,0.023698699163819295,310.0,0.9918438574477183,NO-GO,-133.71694145840246
