comparison,tv_median,instant_median,u_statistic,p_value,decision,gain_pct
TV_vs_Instant,0.1779021814265892,0.034986023125365556,292.0,0.9740737785344218,NO-GO,-408.495008961469
