comparison,tv_median,instant_median,u_statistic,p_value,decision,gain_pct
TV_vs_Instant,0.11811621630236584,0.029162122562213677,29.0,0.7545787545787546,NO-GO,-305.0329877407926
