comparison,tv_median,instant_median,u_statistic,p_value,decision,gain_pct
TV_vs_Instant,0.3130105043924638,0.16847868391129023,27.0,0.668997668997669,NO-GO,-85.78641352473676
