data_source,family,mae_mean,mae_std,rmse_mean,snr_mean,n_runs
real,tv_time,1.2855834217102711e-05,8.28220575379212e-06,2.7181721308650165e-05,5.971000314514598,224
real,instant,1.2868294776132158e-05,7.804541884744873e-06,2.905456659845981e-05,3.211238909000597,448
synthetic,tv_time,0.27158494020347945,0.23235711461670303,0.46065451076087494,2.7917862172101997,672
synthetic,instant,0.2759315267084246,0.15963283588132196,0.5132706651420679,-0.09704053412084912,1344
