runs,mae_gap_mean,mae_gap_std,relative_l2_mean,corr_mean,strict_close
5,0.00018352492274389398,0.0007977228805020027,0.11565504414992525,0.9897771174571348,False
