runs,mae_gap_mean,mae_gap_std,relative_l2_mean,corr_mean,strict_close
5,0.00018352392713065214,0.000797722758841247,0.1156550850891845,0.989777112422108,False
