seed,mae_python,mae_matlab,mae_gap_python_minus_matlab,relative_l2_python_vs_matlab,corr_python_vs_matlab
1,0.06908375120950903,0.06937426239574523,-0.0002905111862362003,0.14172394003610012,0.9827976583499799
7,0.06752104706551844,0.06578492430880373,0.0017361227567147114,0.15632130047561732,0.9869514173233301
13,0.07362093719155603,0.07392694729018233,-0.000306010098626297,0.06400183846112044,0.9966191021358928
21,0.06858342959191181,0.06895269752703011,-0.0003692679351182948,0.14515291572401015,0.9861212138451272
42,0.06772027877512982,0.06757299267621047,0.0001472860989193414,0.07107543074907444,0.9963961704562102
