method,mae_mean,mae_std,mae_median,time_mean_sec
rbfi_tps,0.029955719973962562,0.013968507592471126,0.031828527903271994,0.036134100000304495
spherical_spline,0.03578055027806178,0.017011075900628506,0.03816423580954979,0.2329565166665917
linear,0.03915952881674387,0.018444696245089133,0.04164637015117584,0.0025186222226491533
ica,0.1535996456342444,0.07020628972267753,0.16537002645135965,0.024891833333943698
