method,mae_mean,mae_std,mae_median,time_mean_sec
linear,0.06624960721218107,0.03079449281099415,0.07022845234912435,0.002301322221986387
rbfi_tps,0.07114294715082459,0.032151908768282826,0.07690975772342393,0.010056500000145106
spherical_spline,0.07114294715082459,0.032151908768282826,0.07690975772342393,0.020045094444463354
