method,mae_mean,mae_std,mae_median,time_mean_sec
rbfi_tps,0.029955719973962562,0.013968507592471126,0.031828527903271994,0.03512614444460067
gsp,0.0303707717236641,0.01417226163734676,0.032300101223347255,0.007145061110754291
idw,0.031042805739396453,0.01431486510448189,0.03299938743948068,0.011531427777703761
gsmooth,0.034801111597421504,0.016238223783692322,0.036978120881074154,0.06833605555544232
spherical_spline,0.03578055027806178,0.017011075900628506,0.03816423580954979,0.22833227222225913
linear,0.03915952881674387,0.018444696245089133,0.04164637015117584,0.002331200000399905
tikhonov,0.07602763694247568,0.010146664858798143,0.07743119453455738,0.009773005555366076
bgsrp,0.12446412314571768,0.002663520986702408,0.124711990050873,0.04891795555583182
ica,0.1535996456342444,0.07020628972267753,0.16537002645135965,0.023097933333701803
