method,mae_mean,mae_std,mae_median,time_mean_sec
trss,1.969045277353222e-06,5.065784236299368e-07,1.8760545669596653e-06,0.034392059899994366
tv,4.012558650210557e-06,1.1997033008487428e-07,4.018712799087065e-06,0.28997277080000006
graph_time_tikhonov,1.0382640786691808e-05,2.9907922009723747e-06,1.0096889773686941e-05,0.016006460250014242
temporal_laplacian,2.032742257492796e-05,5.2961007671656135e-06,1.9786497689028407e-05,7.342605513799981
