comparison,tv_median,instant_median,u_statistic,p_value,decision,gain_pct
TV_vs_Instant,8.669841477567484e-06,4.653841145833334e-06,222.0,0.5656093873179944,NO-GO,-86.2943148656835
