comparison,tv_median,instant_median,u_statistic,p_value,decision,gain_pct
TV_vs_Instant,2.572427855587194e-06,1.2432887507419959e-06,22701.0,0.999999632047264,NO-GO,-106.90510181580639
