method,mae_mean,mae_std,mae_median,time_mean_sec
trss,3.004627081233462e-06,1.6070028178334279e-06,2.6502689752712937e-06,0.034459013400040324
tv,4.376329728612139e-06,2.148794730542164e-06,3.975856934327887e-06,0.2859647164666512
mean,4.450377659870766e-06,2.1769529224472785e-06,4.053854166666666e-06,0.0036859644667250296
nearest,5.065746527777778e-06,2.473325159059939e-06,4.630338541666667e-06,0.008247221533353392
tikhonov,7.814048673826192e-06,1.432751900792321e-06,7.525943134116952e-06,0.01255289859993051
graph_time_tikhonov,1.3336992521378013e-05,7.450560162672359e-07,1.3171746602184046e-05,0.01599440613340448
temporal_laplacian,2.5534563851613796e-05,1.1109949203164395e-06,2.5305831266294937e-05,7.381558058466665
