comparison,tv_median,instant_median,u_statistic,p_value,decision,gain_pct
TV_vs_Instant,1.1142184852252657e-05,7.574971441765365e-06,1886.0,0.9803373463191128,NO-GO,-47.09210375129737
