comparison,tv_median,instant_median,u_statistic,p_value,decision,gain_pct
TV_vs_Instant,121.86564879463398,72.88900888480393,25646.0,0.9994935406487555,NO-GO,-67.19345023230358
