comparison,tv_median,instant_median,u_statistic,p_value,decision,gain_pct
TV_vs_Instant,1.5193922306189267e-05,9.477855902777778e-06,12253.0,0.9999974350931831,NO-GO,-60.30969938819412
