comparison,tv_median,instant_median,u_statistic,p_value,decision,gain_pct
TV_vs_Instant,0.09331919993566501,0.036354446757832504,3340.0,0.9999625595342226,NO-GO,-156.6926696953779
