comparison,tv_median,instant_median,u_statistic,p_value,decision,gain_pct
TV_vs_Instant,0.1406386975185636,0.1207026080942086,92197.0,0.9521386999559297,NO-GO,-16.516701452544282
