comparison,tv_median,instant_median,u_statistic,p_value,decision,gain_pct
TV_vs_Instant,0.3338964239501979,0.22216989560374095,14818.0,0.8704713852729395,NO-GO,-50.28877924384986
