comparison,tv_median,instant_median,u_statistic,p_value,decision,gain_pct
TV_vs_Instant,0.08805625951326801,0.059718820612572644,208030.0,0.983515751271873,NO-GO,-47.451437603791966
