comparison,tv_median,instant_median,u_statistic,p_value,decision,gain_pct
TV_vs_Instant,0.007304551396209152,0.006605100815597422,135497.0,0.9922961788627942,NO-GO,-10.589551925687985
