comparison,tv_median,instant_median,u_statistic,p_value,decision,gain_pct
TV_vs_Instant,0.016279771009742306,0.016362416589003965,3987.0,0.053512514614164314,NO-GO,0.5050939683151633
