holdout_subject,comparison,tv_median,instant_median,u_statistic,p_value,decision,gain_pct
bci_iv2a_real_s1,TV_vs_Instant,7.168557540480628e-06,4.549911910412358e-06,721.0,0.9253403094109582,NO-GO,-57.553765471273536
bci_iv2a_real_s2,TV_vs_Instant,2.941816002011257e-06,1.2207672642726524e-06,767.0,0.9765863721884953,NO-GO,-140.9809050510562
bci_iv2a_real_s3,TV_vs_Instant,1.7708354963345084e-06,9.769518235150506e-07,826.0,0.9964065808199671,NO-GO,-81.26129187855776
