comparison,tv_median,instant_median,u_statistic,p_value,decision,gain_pct
TV_vs_Instant,0.051811064123076914,0.06440838685249595,86.0,0.05889820529178338,NO-GO,19.558513021399886
