comparison,tv_median,instant_median,u_statistic,p_value,decision,gain_pct
TV_vs_Instant,0.038326979188582265,0.053429518775568285,54.0,0.15616071083810806,NO-GO,28.26628413110836
