comparison,tv_median,instant_median,u_statistic,p_value,decision,gain_pct
TV_vs_Instant,0.13619405992663483,0.21954019539196296,506.0,0.055511260210956315,NO-GO,37.96395248556807
