comparison,tv_median,instant_median,u_statistic,p_value,decision,gain_pct
TV_vs_Instant,0.016300982542892986,0.016362416589003965,3986.0,0.05323036319027159,NO-GO,0.3754582691181707
