{
  "n_bootstrap": 200,
  "go_rate": 0.485,
  "p_value_median": 0.051107000307949874,
  "gain_pct_median": 28.365510809946205,
  "p_value_ci95": [
    0.0004928712237751469,
    0.5768513306089308
  ]
}