comparison,tv_median,instant_median,u_statistic,p_value,decision,gain_pct
TV_vs_Instant,2.9045154788051263e-06,1.533478609346198e-06,7009.0,0.9998893701982665,NO-GO,-89.40697712395693
