method,mae_mean,mae_std,mae_median,time_mean_sec
trss,9.460879695606488,23.66744139203985,0.02017211880865512,0.02695125252083604
tv,9.543825277442966,24.709115242113057,0.016279771009742306,0.24583205035415942
mean,11.364159262672494,27.760599328223027,0.016357337732694245,0.0031493407708378385
tikhonov,23.499921254936137,53.94278524385822,0.035318098399834304,0.008700371979163771
