method,mae_mean,mae_std,mae_median,time_mean_sec
trss,1.339600027501378e-06,9.442893362586675e-07,9.968334021603005e-07,0.03116949203332903
tv,1.7251296609551705e-06,1.3646091507131219e-06,1.125886845812683e-06,0.24800968296669149
mean,1.7252077713511347e-06,1.3647428402062045e-06,1.1258817186542587e-06,0.0032079444333324623
nearest,1.7522985670301649e-06,1.4979566135711475e-06,1.042474110921224e-06,0.008674982466671585
tikhonov,3.191549664964774e-06,2.1767826918783724e-06,1.8852531044052605e-06,0.009913360233319206
graph_time_tikhonov,5.846162078710405e-06,3.295116736343649e-06,4.715011718483719e-06,0.013112766299983983
temporal_laplacian,1.1205242254378957e-05,4.458450860922954e-06,1.3339931598710262e-05,7.93992290079998
