method,mae_mean,mae_std,mae_median,time_mean_sec
directed_tv,521.7275761193703,1045.6358467933455,5.437644235120967e-06,0.412888246666652
