comparison,tv_median,instant_median,u_statistic,p_value,decision,gain_pct
TV_vs_Instant,1.5127777086977571e-06,2.081676136363636e-06,66834.0,0.026662789324743426,GO,27.328863396573105
