comparison,tv_median,instant_median,u_statistic,p_value,decision,gain_pct
TV_vs_Instant,3.2594083898718594e-06,2.2315518465909088e-06,18984.0,0.9798834652812696,NO-GO,-46.06016861544955
