method,mae_mean,mae_std,mae_median,time_mean_sec
trss,1.0443097121414782e-06,8.705173762186608e-07,8.390138876168115e-07,0.020291890277791127
heat_diffusion_temporal,2.3161521922678646e-06,1.8226424511404017e-06,1.8504525812305653e-06,0.043378863888834635
directed_tv,2.626361239827915e-06,1.7277444336494563e-06,1.9194951107587775e-06,0.37972171944440763
