comparison,tv_median,instant_median,u_statistic,p_value,decision,gain_pct
TV_vs_Instant,1.806488796880284e-06,2.4465986887613927e-06,186.0,0.1769707778689919,NO-GO,26.163256557828397
