comparison,tv_median,instant_median,u_statistic,p_value,decision,gain_pct
TV_vs_Instant,0.01627703612262088,0.016355375298193423,237.0,0.14886991988770537,NO-GO,0.478981216537391
