method,mae_mean,mae_std,mae_median,time_mean_sec
heat_diffusion_temporal,88.72455936444281,207.73224401505516,4.2383248249443655e-06,0.04448218559998713
