comparison,tv_median,instant_median,u_statistic,p_value,decision,gain_pct
TV_vs_Instant,1.8090277988702097e-06,2.2584148811571525e-06,1094.0,0.0024447312262017165,GO,19.898340470405007
