comparison,tv_median,instant_median,u_statistic,p_value,decision,gain_pct
TV_vs_Instant,1.2710057790800086e-05,5.405887127497689e-06,5693.0,0.7496893321304279,NO-GO,-135.11511600286403
