method,mae_mean,mae_std,mae_median,time_mean_sec
trss,1.95858015093244e-06,4.5023857186933776e-08,1.9692699765189816e-06,0.021433783333729178
heat_diffusion_temporal,6.4778039460863344e-06,1.5216581992996535e-07,6.458364343738176e-06,0.046807016666813674
