method,mae_mean,mae_std,mae_median,time_mean_sec
trss,15.407287537569719,31.485021199301983,3.508773131362698e-06,0.023135264999867407
