method,mae_mean,mae_std,mae_median,time_mean_sec
trss,1.949413313855392e-06,5.472223270545577e-08,1.962615601665134e-06,0.021436450000237528
heat_diffusion_temporal,6.460429365177202e-06,1.9063709908777845e-08,6.458364343738176e-06,0.05054835000009916
