comparison,tv_median,instant_median,u_statistic,p_value,decision,gain_pct
TV_vs_Instant,4.397629106174292e-06,2.5542831420898434e-06,1077.0,0.9731827750108674,NO-GO,-72.16686097596346
