comparison,tv_median,instant_median,u_statistic,p_value,decision,gain_pct
TV vs Instant,1.5424885035327754e-07,2.4001918276530994e-07,96.0,9.450191089822509e-11,GO,35.73478228858832
