comparison,tv_median,instant_median,u_statistic,p_value,decision,gain_pct
TV vs Instant,1.6723067207956437e-07,2.539365870291031e-07,229.0,1.792118824416611e-25,GO,34.144711466725965
