comparison,tv_median,instant_median,u_statistic,p_value,decision,gain_pct
TV vs Instant,5.211109494171225e-07,7.473255639330372e-07,89.0,5.948943163263611e-11,GO,30.269888443985334
