comparison,tv_median,instant_median,u_statistic,p_value,decision,gain_pct
TV vs Instant,4.5693397539078015e-07,6.631167818768617e-07,9602.0,4.487504347518902e-77,GO,31.092985748680523
