comparison,tv_median,instant_median,u_statistic,p_value,decision,gain_pct
TV vs Instant,4.6762584349073264e-07,6.609199444716409e-07,12359.0,6.100728545618805e-69,GO,29.246219999524047
