comparison,tv_median,instant_median,u_statistic,p_value,decision,gain_pct
TV vs Instant,4.282251730563753e-07,6.475889792065296e-07,1247.0,2.3203375916910244e-25,GO,33.87392515835181
