comparison,tv_median,instant_median,u_statistic,p_value,decision,gain_pct
TV vs Instant,4.3876294310390175e-07,6.6322109938531e-07,4707.0,0.00016188700462851102,GO,33.84363924631496
