comparison,tv_median,instant_median,u_statistic,p_value,decision,gain_pct
TV vs Instant,0.004157743858820249,0.005913861787343834,11145.0,7.955398219431208e-11,GO,29.694943704667338
