method,mae_mean,mae_std,mae_median
graph_time_tikhonov,0.42933373706602324,5.551115123125783e-17,0.4293337370660232
gsp,0.518054071776389,0.0,0.518054071776389
linear,0.7312386022300236,0.0,0.7312386022300236
mean,0.38237282176807025,0.0,0.38237282176807025
nearest,0.7312386022300236,0.0,0.7312386022300236
temporal_laplacian,0.6009691008468507,0.0,0.6009691008468507
tikhonov,0.42948981213880716,0.0,0.42948981213880716
tv,0.4156029543703941,0.0,0.4156029543703941
