comparison,tv_median,instant_median,u_statistic,p_value,decision,gain_pct
TV_vs_Instant,0.4293337370660232,0.518054071776389,45.0,0.0919267996672476,NO-GO,17.125690066704216
