method,mae_mean,mae_std,mae_median
graph_time_tikhonov,0.44411419418898884,0.0,0.44411419418898884
gsp,0.4982126309104414,0.0,0.4982126309104414
linear,0.5379968188738125,0.0,0.5379968188738125
mean,0.4076307035074757,0.0,0.4076307035074757
nearest,0.5379968188738125,0.0,0.5379968188738125
temporal_laplacian,0.6948675346172078,0.0,0.6948675346172078
tikhonov,0.4447229160304193,5.551115123125783e-17,0.44472291603041925
tv,0.40912814584686713,0.0,0.40912814584686713
