comparison,tv_median,instant_median,u_statistic,p_value,decision,gain_pct
TV_vs_Instant,1.441481349806076e-06,1.9009731610575945e-06,8.0,0.020932269089232552,GO,24.171399189869838
