comparison,tv_median,instant_median,u_statistic,p_value,decision,gain_pct
TV_vs_Instant,1.7502469969713401e-06,2.179048156016404e-06,4.0,0.005233751889723185,GO,19.678370019548844
