method,mae_mean,mae_std,mae_median
mean,0.4172319949986545,0.03584582095067419,0.4029683713761747
nearest,0.5924882352764796,0.18024871725925815,0.5301678843768276
temporal_laplacian,0.6307619019445387,0.036984030516005,0.6360011025894692
tikhonov,0.451478069206529,0.04106809981601974,0.43710636408461323
tv,0.4381838453551746,0.04673004196356096,0.41236555010863063
