comparison,tv_median,instant_median,u_statistic,p_value,decision,gain_pct
TV_vs_Instant,1.6456732941552663e-06,1.657935317055446e-06,62.0,0.29135206185624496,NO-GO,0.7395959766366262
