comparison,tv_median,instant_median,u_statistic,p_value,decision,gain_pct
TV_vs_Instant,7.264010461787319e-06,6.594131317786367e-06,108.0,0.9826139725727532,NO-GO,-10.158717073075042
