comparison,tv_median,instant_median,u_statistic,p_value,decision,gain_pct
TV_vs_Instant,7.417493817596687e-06,7.5546730609643105e-06,145.0,0.4403823076297575,NO-GO,1.815819721920746
