comparison,tv_median,instant_median,u_statistic,p_value,decision,gain_pct
TV_vs_Instant,6.976084766693108e-06,6.774931615457005e-06,144.0,0.42726824069695946,NO-GO,-2.9690801716311324
