method,mae_mean,mae_std,mae_median
graph_time_tikhonov,0.4998331748468119,0.007692083100766541,0.4957165830959066
mean,0.4860196674018333,0.006531694345731599,0.4855932422122927
temporal_laplacian,0.6384947276346141,0.0216175677088973,0.6346373092976227
tikhonov,0.5269968252778394,0.00873470880694127,0.5224533115124048
tv,0.5109287629763748,0.007773064320937391,0.5091177698540694
