comparison,tv_median,instant_median,u_statistic,p_value,decision,gain_pct
TV_vs_Instant,0.533193942542221,0.5604649355099741,796.0,0.27087990611251817,NO-GO,4.865780397651269
