method,mae_mean,mae_std,mae_median
graph_time_tikhonov,0.5054766829206159,0.01091881161331637,0.5009791676130801
mean,0.48466145883363865,0.0061628078865772025,0.4855932422122927
nearest,0.6353992917999117,0.020151385173136697,0.6372465296112166
temporal_laplacian,0.599835559402723,0.03971469190520954,0.5924347096254092
tikhonov,0.5586727119918323,0.03434180772962148,0.5604649355099741
trss,0.5470229452239541,0.09742271954614204,0.549265108101922
tv,0.5304485605660968,0.024570506460459825,0.5295122406692365
