comparison,tv_median,instant_median,u_statistic,p_value,decision,gain_pct
TV_vs_Instant,7.337180443558352e-06,8.72328948381436e-06,3035.0,0.0001612753573277991,GO,15.889751713821557
