comparison,tv_median,instant_median,u_statistic,p_value,decision,gain_pct
TV_vs_Instant,7.984213617648815e-06,9.277732181376298e-06,3145.0,0.00048184704096145627,GO,13.942184775758395
