comparison,tv_median,instant_median,u_statistic,p_value,decision,gain_pct
TV_vs_Instant,7.4637919078166905e-06,9.134795038172813e-06,12115.0,1.5430962451729644e-07,GO,18.29272713151498
