comparison,tv_median,instant_median,u_statistic,p_value,decision,gain_pct
TV_vs_Instant,7.70477677406879e-06,9.582627659665735e-06,5249.0,5.1159517666997555e-06,GO,19.596408754365076
