comparison,tv_median,instant_median,u_statistic,p_value,decision,gain_pct
TV_vs_Instant,7.919187776262148e-06,9.192144443461535e-06,3254.0,0.0013146948469682847,GO,13.84831009813878
