comparison,tv_median,instant_median,u_statistic,p_value,decision,gain_pct
TV_vs_Instant,0.23172137921920657,0.24811207506538227,8727.0,3.650843872858621e-09,GO,6.606166121441865
