comparison,tv_median,instant_median,u_statistic,p_value,decision,gain_pct
TV_vs_Instant,7.678670509655872e-06,9.488382044036487e-06,12096.0,1.4019004539547568e-07,GO,19.07292018788421
