comparison,tv_median,instant_median,u_statistic,p_value,decision,gain_pct
TV_vs_Instant,0.20935436721694115,0.24714740689086215,1858.0,6.300474118351964e-08,GO,15.291699860160795
