comparison,tv_median,instant_median,u_statistic,p_value,decision,gain_pct
TV_vs_Instant,7.325519745176925e-06,8.824863242120476e-06,9500.0,4.6338054688322643e-07,GO,16.989991298531244
