comparison,tv_median,instant_median,u_statistic,p_value,decision,gain_pct
TV_vs_Instant,8.348526689888812e-06,9.175832293024013e-06,10940.0,0.00053323012271598,GO,9.016136920507638
