comparison,tv_median,instant_median,u_statistic,p_value,decision,gain_pct
TV_vs_Instant,7.587954587856758e-06,8.537280161417342e-06,15009.0,1.4259086312943133e-06,GO,11.119765963062623
