comparison,tv_median,instant_median,u_statistic,p_value,decision,gain_pct
TV_vs_Instant,0.2266446502430571,0.24131451786257632,12434.0,4.847748842703175e-14,GO,6.07914838670146
