comparison,tv_median,instant_median,u_statistic,p_value,decision,gain_pct
TV_vs_Instant,0.18215869354321074,0.2208156725738657,36963.0,9.119798540418105e-14,GO,17.50644715570345
