comparison,tv_median,instant_median,u_statistic,p_value,decision,gain_pct
TV_vs_Instant,0.07845113440059404,0.09668756146887333,22.0,0.01881765689365712,GO,18.861192475259767
