comparison,tv_median,instant_median,u_statistic,p_value,decision,gain_pct
TV_vs_Instant,0.12189335453639094,0.14646913536159148,25.0,0.032011050641513446,GO,16.778811976004217
