comparison,tv_median,instant_median,u_statistic,p_value,decision,gain_pct
TV_vs_Instant,0.07147094681987375,0.09668756146887333,7.0,0.0006574723348566069,GO,26.08051570016851
