comparison,tv_median,instant_median,u_statistic,p_value,decision,gain_pct
TV_vs_Instant,0.035942900716421505,0.049429456413601094,7.0,0.0006574723348566069,GO,27.28445076217469
