comparison,tv_median,instant_median,u_statistic,p_value,decision,gain_pct
TV_vs_Instant,0.15101905110287878,0.1976025888164481,16.0,0.005664848342237334,GO,23.574355980143814
