comparison,tv_median,instant_median,u_statistic,p_value,decision,gain_pct
TV_vs_Instant,0.16517617251186345,0.1976025888164481,25.0,0.032011050641513446,GO,16.409914717618076
