comparison,tv_median,instant_median,u_statistic,p_value,decision,gain_pct
TV_vs_Instant,0.16505502079480755,0.10462808527740533,365.0,0.9449810781580135,NO-GO,-57.75402976857453
