comparison,tv_median,instant_median,u_statistic,p_value,decision,gain_pct
TV_vs_Instant,0.04036643307861931,0.049429456413601094,25.0,0.032011050641513446,GO,18.33526806191618
