comparison,tv_median,instant_median,u_statistic,p_value,decision,gain_pct
TV_vs_Instant,0.11121937564102818,0.14646913536159148,10.0,0.0014136360455584039,GO,24.06633973331068
