method,mae_mean,mae_std,mae_median,time_mean_sec
trss,0.4018528924135636,0.011254962712931646,0.40157788987199494,0.0027066250004281756
