method,mae_mean,mae_std,mae_median,time_mean_sec
directed_tv,6.56061481883828e-06,,6.56061481883828e-06,0.4367777000006754
