method,mae_mean,mae_std,mae_median,time_mean_sec
heat_diffusion_temporal,0.333229224012486,0.0021104478328496765,0.333229224012486,0.05343830000128946
