method,mae_mean,mae_std,mae_median,time_mean_sec
heat_diffusion_temporal,0.10619911616958322,0.000700630409575774,0.10619911616958322,0.0476817500020843
