method,mae_mean,mae_std,mae_median,time_mean_sec
trss,3.6630907655131253e-06,,3.6630907655131253e-06,0.020869200001470745
