method,mae_mean,mae_std,mae_median,time_mean_sec
tv,9.05367801041387e-06,,9.05367801041387e-06,0.17397670000354992
