method,mae_mean,mae_std,mae_median,time_mean_sec
directed_tv,0.18506061874758714,0.00014285837326711816,0.18506061874758714,0.5885655000020051
