method,mae_mean,mae_std,mae_median,time_mean_sec
directed_tv,0.3234582625218514,0.002317142167832488,0.3234582625218514,0.3775693499992485
