dataset,graph,method,missing_ratio,seed,mae,rmse,snr,dtw,params,error,n_missing_ch,time_sec
synthetic_alpha,knng,directed_tv,0.3,0,0.36570935798053705,0.8687364184561496,1.2764685365096602,5.359331893239124,{},,5,0.4070078000004287
synthetic_alpha,knng,directed_tv,0.3,1,0.3622701333527649,0.8690038015192066,1.2610945640736273,5.4053663066385695,{},,5,0.3807909000024665
