method,mae_mean,mae_std,mae_median,time_mean_sec
directed_tv,0.42549099322336176,0.005004197209792543,0.42549099322336176,0.3965281999990111
