method,mae_mean,mae_std,mae_median,time_mean_sec
trss,7.388497057951007e-06,,7.388497057951007e-06,0.020861299999523908
