method,mae_mean,mae_std,mae_median,time_mean_sec
directed_tv,1.5263339944943546e-05,,1.5263339944943546e-05,0.4672532999975374
