method,mae_mean,mae_std,mae_median,time_mean_sec
trss,1.2750025448592444e-06,3.0846692220240715e-08,1.2794821492384221e-06,0.020190116666526592
