method,mae_mean,mae_std,mae_median,time_mean_sec
heat_diffusion_temporal,0.1839076668508261,0.0017958692488835792,0.1839076668508261,0.06495329999961541
