method,mae_mean,mae_std,mae_median,time_mean_sec
trss,9.70341502555548e-07,,9.70341502555548e-07,0.018229499997687526
