dataset,graph,method,missing_ratio,seed,mae,rmse,snr,dtw,params,error,n_missing_ch,time_sec
synthetic_beta,knn__k3,heat_diffusion_temporal,0.1,0,0.09426951254304473,0.43140728892352787,7.584793813820806,2.716975163450187,{},,2,0.0716519999987213
synthetic_beta,knn__k3,heat_diffusion_temporal,0.1,1,0.08792519295012957,0.4069555810743274,7.9966162866219435,2.364074760164642,{},,2,0.07208190000528703
