method,mae_mean,mae_std,mae_median,time_mean_sec
trss,1.6679770733632263e-06,1.1589911752960576e-06,9.520038658398761e-07,0.021122505556074127
