method,mae_mean,mae_std,mae_median,time_mean_sec
gsmooth,0.1348471968588708,0.0006635254522016459,0.1348471968588708,0.06261875000200234
