method,mae_mean,mae_std,mae_median,time_mean_sec
temporal_laplacian,3.877284361648051e-05,,3.877284361648051e-05,1.6508469000036712
