method,mae_mean,mae_std,mae_median,time_mean_sec
trss,3.753552884392599e-06,,3.753552884392599e-06,0.019852000004902948
