method,mae_mean,mae_std,mae_median,time_mean_sec
gsmooth,0.04707606143490302,0.0004882209656531428,0.04707606143490302,0.06210029999783728
