method,mae_mean,mae_std,mae_median,time_mean_sec
directed_tv,3.2855643550440414e-06,,3.2855643550440414e-06,0.3827730999983032
