method,mae_mean,mae_std,mae_median,time_mean_sec
heat_diffusion_temporal,0.38901251910110457,0.0023900259843968596,0.38901251910110457,0.05050710000068648
