method,mae_mean,mae_std,mae_median,time_mean_sec
trss,2.2297572658264243e-06,1.5464195412291387e-06,1.2794821207119542e-06,0.020571105555670027
