method,mae_mean,mae_std,mae_median,time_mean_sec
wavelet_temporal,1.1894391141375772e-05,,1.1894391141375772e-05,0.00656170000002021
