dataset,graph,method,missing_ratio,seed,mae,rmse,snr,dtw,params,error,n_missing_ch,time_sec
synthetic_beta,knn__k5,directed_tv,0.4,0,0.42902949500480086,0.8087150697162268,1.89112020773873,4.52522770494534,{},,6,0.3963025999983074
synthetic_beta,knn__k5,directed_tv,0.4,1,0.42195249144192265,0.8003513216097071,1.952344665591672,4.539204070136356,{},,6,0.39675379999971483
