method,mae_mean,mae_std,mae_median,time_mean_sec
directed_tv,6.557214390798237e-06,,6.557214390798237e-06,0.3258191999993869
