method,mae_mean,mae_std,mae_median,time_mean_sec
directed_tv,0.23856489203673092,9.959316034356538e-05,0.23856489203673092,0.4739728999993531
