method,mae_mean,mae_std,mae_median,time_mean_sec
gsmooth,3.1536846241416808e-06,,3.1536846241416808e-06,0.06394020000152523
