method,mae_mean,mae_std,mae_median,time_mean_sec
heat_diffusion_temporal,0.33896677497340133,0.002911612287013375,0.33896677497340133,0.04997495000134222
