method,mae_mean,mae_std,mae_median,time_mean_sec
trss,1.512080054893908e-06,,1.512080054893908e-06,0.019432999994023703
