method,mae_mean,mae_std,mae_median,time_mean_sec
trss,1.5091491097512852e-06,,1.5091491097512852e-06,0.018459899998561013
