method,mae_mean,mae_std,mae_median,time_mean_sec
trss,3.027581370299255e-06,,3.027581370299255e-06,0.01873660000273958
