method,mae_mean,mae_std,mae_median,time_mean_sec
linear,4.091948061342593e-06,6.40450003749719e-08,4.073470052083333e-06,0.0016745333317279194
