method,mae_mean,mae_std,mae_median,time_mean_sec
directed_tv,3.285489916441022e-06,,3.285489916441022e-06,0.38337460000184365
