method,mae_mean,mae_std,mae_median,time_mean_sec
mean,9.219644097222222e-06,,9.219644097222222e-06,0.00318400000105612
