dataset,graph,method,missing_ratio,seed,mae,rmse,snr,dtw,params,error,n_missing_ch,time_sec
physionet_eegmmidb_real,vknng,mean,0.4,0,9.219644097222222e-06,1.9095515534849188e-05,9.283725370028163,0.00012225408634858057,{},,10,0.0019747999976971187
