method,mae_mean,mae_std,mae_median,time_mean_sec
heat_diffusion_temporal,1.3020016293522566e-05,,1.3020016293522566e-05,0.0412544999999227
