method,mae_mean,mae_std,mae_median,time_mean_sec
mean,2.0891927083333334e-06,,2.0891927083333334e-06,0.0019560000000637956
