method,mae_mean,mae_std,mae_median,time_mean_sec
tv,4.102729512150979e-06,,4.102729512150979e-06,0.1917228000020259
