method,mae_mean,mae_std,mae_median,time_mean_sec
trss,5.56993061916035e-06,,5.56993061916035e-06,0.02013670000451384
