method,mae_mean,mae_std,mae_median,time_mean_sec
directed_tv,0.40551674062934423,0.0035011333208385532,0.40551674062934423,0.46501754999917466
