method,mae_mean,mae_std,mae_median,time_mean_sec
trss,1.1722270003732367e-06,6.656856016445013e-07,1.0523400809445478e-06,0.020386137499372126
