method,mae_mean,mae_std,mae_median,time_mean_sec
heat_diffusion_temporal,9.543204890992791e-06,,9.543204890992791e-06,0.040866299998015165
