method,mae_mean,mae_std,mae_median,time_mean_sec
heat_diffusion_temporal,0.44826395850696943,0.005036826275779766,0.44826395850696943,0.04305880000174511
