method,mae_mean,mae_std,mae_median,time_mean_sec
mean,4.1027343749999996e-06,,4.1027343749999996e-06,0.0019709999978658743
