method,mae_mean,mae_std,mae_median,time_mean_sec
trss,7.3775304393116404e-06,,7.3775304393116404e-06,0.022224300002562813
