method,mae_mean,mae_std,mae_median,time_mean_sec
trss,1.9701054999556253e-06,,1.9701054999556253e-06,0.01874390000011772
