method,mae_mean,mae_std,mae_median,time_mean_sec
graph_time_tikhonov,2.071941454999972e-05,,2.071941454999972e-05,0.009068999999726657
