dataset,graph,method,missing_ratio,seed,mae,rmse,snr,dtw,params,error,n_missing_ch,time_sec
synthetic_alpha,vknng,directed_tv,0.3,0,0.3493533674711614,0.8239611135550832,1.7360218745418303,5.032817872814131,{},,5,0.38847209999948973
synthetic_alpha,vknng,directed_tv,0.3,1,0.3459122532961131,0.8232229961325842,1.729473316052963,5.085210933163333,{},,5,0.38477119999879505
