method,mae_mean,mae_std,mae_median,time_mean_sec
directed_tv,1.5265343079987444e-05,,1.5265343079987444e-05,0.44272970000019995
