method,mae_mean,mae_std,mae_median,time_mean_sec
gsmooth,0.13500998924650526,0.0007750541310925574,0.13500998924650526,0.06692599999951199
