method,mae_mean,mae_std,mae_median,time_mean_sec
heat_diffusion_temporal,0.20288392715116704,0.0014121789123880816,0.20288392715116704,0.046790249998593936
