method,mae_mean,mae_std,mae_median,time_mean_sec
heat_diffusion_temporal,0.10543809959158926,0.0007661207367647124,0.10543809959158926,0.045420099999319063
