method,mae_mean,mae_std,mae_median,time_mean_sec
gsp,0.02473894810990316,0.00047139248084615695,0.02473894810990316,0.005786199999420205
