method,mae_mean,mae_std,mae_median,time_mean_sec
heat_diffusion_temporal,5.925749502251614e-06,,5.925749502251614e-06,0.042982800005120225
