method,mae_mean,mae_std,mae_median,time_mean_sec
heat_diffusion_temporal,5.2093319489562575e-06,,5.2093319489562575e-06,0.04011699999682605
