method,mae_mean,mae_std,mae_median,time_mean_sec
directed_tv,0.08183429175521309,0.0010174476941679062,0.08183429175521309,0.5330401999999594
