method,mae_mean,mae_std,mae_median,time_mean_sec
spherical_spline,1.3938725652963175e-06,,1.3938725652963175e-06,0.1360659999991185
