method,mae_mean,mae_std,mae_median,time_mean_sec
tv,63.99869482657554,4.505431261189356,62.56592007715021,0.20556441666728156
