method,mae_mean,mae_std,mae_median,time_mean_sec
tv,8.90894259651029e-06,,8.90894259651029e-06,0.15756959999998799
