method,mae_mean,mae_std,mae_median,time_mean_sec
heat_diffusion_temporal,0.3191849467796908,0.0005418806315791489,0.3191849467796908,0.04390350000176113
