method,mae_mean,mae_std,mae_median,time_mean_sec
tv,2.0630436590804695e-06,,2.0630436590804695e-06,0.15787100000306964
