dataset,graph,method,missing_ratio,seed,mae,rmse,snr,dtw,params,error,n_missing_ch,time_sec
synthetic_beta,gaussian__sigma1.0,directed_tv,0.4,0,0.40799241574234735,0.7575813481169514,2.4243815128682575,4.257844182699616,{},,6,0.47814089999883436
synthetic_beta,gaussian__sigma1.0,directed_tv,0.4,1,0.4030410655163411,0.7531772189580666,2.469077582445598,4.180106533689969,{},,6,0.45189419999951497
