method,mae_mean,mae_std,mae_median,time_mean_sec
directed_tv,3.285813526607604e-06,,3.285813526607604e-06,0.3454820999977528
