method,mae_mean,mae_std,mae_median,time_mean_sec
trss,5.583260225950468e-06,3.759728062610848e-08,5.581264054798808e-06,0.020738433333463036
