dataset,graph,method,missing_ratio,seed,mae,rmse,snr,dtw,params,error,n_missing_ch,time_sec
synthetic_beta,aew,directed_tv,0.4,0,0.5011513941499839,1.0471408681165901,-0.19548320081932088,6.142607994192481,{},,6,0.4531725000051665
synthetic_beta,aew,directed_tv,0.4,1,0.4956794776536091,1.045823047270976,-0.06537306151001032,5.925356102414035,{},,6,0.39073240000288934
