method,mae_mean,mae_std,mae_median,time_mean_sec
tv,7.082760952251292e-06,,7.082760952251292e-06,0.15250979999837
