method,mae_mean,mae_std,mae_median,time_mean_sec
heat_diffusion_temporal,1.2820834337210891e-05,,1.2820834337210891e-05,0.043314700000337325
