method,mae_mean,mae_std,mae_median,time_mean_sec
directed_tv,0.24348017383570025,0.0028268435049374823,0.24348017383570025,0.5667565000003378
