method,mae_mean,mae_std,mae_median,time_mean_sec
spherical_spline,7.869349390231608e-06,,7.869349390231608e-06,0.2774031000008108
