method,mae_mean,mae_std,mae_median,time_mean_sec
directed_tv,0.145352542562382,0.0004298600885929394,0.145352542562382,0.4343675500022073
