method,mae_mean,mae_std,mae_median,time_mean_sec
gsmooth,3.172315966652811e-06,,3.172315966652811e-06,0.051754000000073574
