method,mae_mean,mae_std,mae_median,time_mean_sec
rbfi_tps,5.7168949762307596e-06,7.028238954721922e-08,5.718895186382642e-06,0.034127733331843046
