dataset,graph,method,missing_ratio,seed,mae,rmse,snr,dtw,params,error,n_missing_ch,time_sec
synthetic_beta,knng,gsmooth,0.2,0,0.13446194321462304,0.38426676389844105,8.568540430487449,2.330965977368693,{},,3,0.06705440000223462
synthetic_beta,knng,gsmooth,0.2,1,0.13555803527838745,0.38783974615851513,8.490916685128948,2.447903727731747,{},,3,0.06679759999678936
