method,mae_mean,mae_std,mae_median,time_mean_sec
tv,4.102734255355444e-06,,4.102734255355444e-06,0.19755810000060592
