method,mae_mean,mae_std,mae_median,time_mean_sec
heat_diffusion_temporal,0.08633864136467634,0.0031654669852632916,0.08633864136467634,0.04599154999959865
