method,mae_mean,mae_std,mae_median,time_mean_sec
heat_diffusion_temporal,0.30257569266142714,0.0033268403551479837,0.30257569266142714,0.04818255000282079
