method,mae_mean,mae_std,mae_median,time_mean_sec
directed_tv,1.526399897165345e-05,,1.526399897165345e-05,0.41021770000224933
