method,mae_mean,mae_std,mae_median,time_mean_sec
directed_tv,1.1673846332856788e-05,,1.1673846332856788e-05,0.5071874000059324
