method,mae_mean,mae_std,mae_median,time_mean_sec
heat_diffusion_temporal,1.1488039677152369e-05,,1.1488039677152369e-05,0.04190309999830788
