method,mae_mean,mae_std,mae_median,time_mean_sec
directed_tv,0.4984154359017965,0.0038692292606731524,0.4984154359017965,0.4219524500040279
