method,mae_mean,mae_std,mae_median,time_mean_sec
directed_tv,0.15069455074146745,0.000664420430173881,0.15069455074146745,0.4392526999981783
