dataset,graph,method,missing_ratio,seed,mae,rmse,snr,dtw,params,error,n_missing_ch,time_sec
synthetic_beta,vknng,directed_tv,0.4,0,0.4629087759811673,0.879012735492698,1.1501184980235089,4.972356384384032,{},,6,0.3997737000026973
synthetic_beta,vknng,directed_tv,0.4,1,0.4569900448913081,0.873840496346168,1.193322805077088,4.952259607964894,{},,6,0.39096989999961806
