method,mae_mean,mae_std,mae_median,time_mean_sec
trss,2.6467988471447155e-06,1.9980970834986446e-06,2.061786601488338e-06,0.01791342083318644
