method,mae_mean,mae_std,mae_median,time_mean_sec
heat_diffusion_temporal,1.1670447672790258e-05,,1.1670447672790258e-05,0.04291110000485787
