method,mae_mean,mae_std,mae_median,time_mean_sec
heat_diffusion_temporal,2.355047874693918e-05,,2.355047874693918e-05,0.044090900002629496
