method,mae_mean,mae_std,mae_median,time_mean_sec
trss,3.0328627470965858e-06,,3.0328627470965858e-06,0.018614699998579454
