method,mae_mean,mae_std,mae_median,time_mean_sec
directed_tv,1.1675576123162766e-05,,1.1675576123162766e-05,0.46199029999843333
