method,mae_mean,mae_std,mae_median,time_mean_sec
trss,5.578732930359961e-06,,5.578732930359961e-06,0.02081910000561038
