dataset,graph,method,missing_ratio,seed,mae,rmse,snr,dtw,params,error,n_missing_ch,time_sec
synthetic_broad,knn__k5,directed_tv,0.1,0,0.1266655569475237,0.5321480040196768,5.64963497916039,3.542789578657318,{},,2,0.4602011000024504
synthetic_broad,knn__k5,directed_tv,0.1,1,0.12717912889556013,0.5259192184436631,5.854981854117238,3.468860374881824,{},,2,0.46180720000120346
