method,mae_mean,mae_std,mae_median,time_mean_sec
graph_time_tikhonov,0.6390213186711464,0.000860316319136572,0.6390213186711464,0.010594650000712136
