method,mae_mean,mae_std,mae_median,time_mean_sec
directed_tv,1.5263484946058526e-05,,1.5263484946058526e-05,0.3343483999997261
