dataset,graph,method,missing_ratio,seed,mae,rmse,snr,dtw,params,error,n_missing_ch,time_sec
synthetic_broad,knn__k5,directed_tv,0.2,0,0.23849446903769217,0.6911483121038666,3.36158436772182,4.380762482035046,{},,5,0.4985337999969488
synthetic_broad,knn__k5,directed_tv,0.2,1,0.23863531503576965,0.6920809819737438,3.322550817506747,4.4436341814740175,{},,5,0.4494120000017574
