method,mae_mean,mae_std,mae_median,time_mean_sec
directed_tv,0.07215504650571974,0.0009713039565101849,0.07215504650571974,0.44642314999873633
