method,mae_mean,mae_std,mae_median,time_mean_sec
temporal_laplacian,3.9520473398908433e-05,,3.9520473398908433e-05,1.6321869000021252
