method,mae_mean,mae_std,mae_median,time_mean_sec
trss,8.604515057160272e-07,5.764243992072696e-07,5.013098522545882e-07,0.01928727777784742
