method,mae_mean,mae_std,mae_median,time_mean_sec
trss,2.2297591588001023e-06,1.5464222664874135e-06,1.2794821492384221e-06,0.02149105000070348
