method,mae_mean,mae_std,mae_median,time_mean_sec
tv,2.0661693074955053e-06,,2.0661693074955053e-06,0.1497901999973692
