dataset,graph,method,missing_ratio,seed,mae,rmse,snr,dtw,params,error,n_missing_ch,time_sec
synthetic_beta,vknng,gsmooth,0.2,0,0.13437801351212914,0.38373455566759573,8.578007766967756,2.3244914537417283,{},,3,0.0635273000007146
synthetic_beta,vknng,gsmooth,0.2,1,0.13531638020561246,0.38718977226159446,8.502627566310338,2.4387832116587544,{},,3,0.06171020000329008
