method,mae_mean,mae_std,mae_median,time_mean_sec
directed_tv,1.1674390076204773e-05,,1.1674390076204773e-05,0.35241230000247015
