method,mae_mean,mae_std,mae_median,time_mean_sec
trss,5.089423933590765e-06,,5.089423933590765e-06,0.02057520000380464
