method,mae_mean,mae_std,mae_median,time_mean_sec
heat_diffusion_temporal,4.4426935301578775e-06,,4.4426935301578775e-06,0.04169489999912912
