method,mae_mean,mae_std,mae_median,time_mean_sec
directed_tv,0.12692234292154192,0.0003631502070837361,0.12692234292154192,0.46100415000182693
