method,mae_mean,mae_std,mae_median,time_mean_sec
directed_tv,0.21527672139564752,0.0012092926474837015,0.21527672139564752,0.38249774999712827
