dataset,graph,method,missing_ratio,seed,mae,rmse,snr,dtw,params,error,n_missing_ch,time_sec
synthetic_alpha,knn__k5,directed_tv,0.3,0,0.3120896975326121,0.7277020135791404,2.8249435648189367,4.3779637708456045,{},,5,0.4231768999961787
synthetic_alpha,knn__k5,directed_tv,0.3,1,0.3087308804597722,0.7275678390554746,2.8063433151223105,4.413236747670765,{},,5,0.41689970000152243
