method,mae_mean,mae_std,mae_median,time_mean_sec
directed_tv,3.285888997917591e-06,,3.285888997917591e-06,0.43721300000470364
