method,mae_mean,mae_std,mae_median,time_mean_sec
trss,5.0213255689274885e-06,6.435673725409422e-08,4.997371324570743e-06,0.021623283332398085
