method,mae_mean,mae_std,mae_median,time_mean_sec
gsmooth,1.4852116357962183e-06,,1.4852116357962183e-06,0.05271109999739565
