dataset,graph,method,missing_ratio,seed,mae,rmse,snr,dtw,params,error,n_missing_ch,time_sec
synthetic_broad,gaussian__sigma1.0,directed_tv,0.2,0,0.1851616348720736,0.5188682611430822,5.768149363963604,3.2186336053581237,{},,5,0.5786717000009958
synthetic_broad,gaussian__sigma1.0,directed_tv,0.2,1,0.18495960262310068,0.5167606215082411,5.79962990673335,3.197388743375561,{},,5,0.5984593000030145
