method,mae_mean,mae_std,mae_median,time_mean_sec
trss,9.050821179118148e-07,3.3241679972305654e-08,9.164809202867513e-07,0.01750311666667888
