method,mae_mean,mae_std,mae_median,time_mean_sec
tv,9.23288510582172e-06,1.3085936794111462e-07,9.242758385645808e-06,0.20318821666539102
