method,mae_mean,mae_std,mae_median,time_mean_sec
gsp,0.0243427643405505,0.0003405835226482081,0.0243427643405505,0.005973350002022926
