method,mae_mean,mae_std,mae_median,time_mean_sec
tv,7.108441823975553e-06,,7.108441823975553e-06,0.1621884999985923
