dataset,graph,method,missing_ratio,seed,mae,rmse,snr,dtw,params,error,n_missing_ch,time_sec
physionet_eegmmidb_real,vknng,gsp,0.1,0,1.3016741560329913e-06,5.948296933228864e-06,19.73529480362374,4.090762431517304e-05,{},,2,0.0044896999970660545
physionet_eegmmidb_real,vknng,gsp,0.1,1,1.2948767591465724e-06,5.874330960680893e-06,19.794525885905202,3.734836447729084e-05,{},,2,0.004880499996943399
physionet_eegmmidb_real,vknng,gsp,0.1,2,1.3150863124597083e-06,6.103330442733219e-06,19.679594779523715,3.493961500574836e-05,{},,2,0.004965399995853659
physionet_eegmmidb_real,vknng,gsp,0.1,3,1.2288525527352748e-06,5.627525663043146e-06,20.048321292699697,3.849948596137602e-05,{},,2,0.004704600003606174
physionet_eegmmidb_real,vknng,gsp,0.1,4,1.2261160681166748e-06,5.5704970103228765e-06,20.06518867252173,3.588266205687528e-05,{},,2,0.004927199996018317
physionet_eegmmidb_real,vknng,gsp,0.1,5,1.3228162793481303e-06,6.087362706149152e-06,19.85930169434455,3.923988798893448e-05,{},,2,0.0050574000051710755
