method,mae_mean,mae_std,mae_median,time_mean_sec
directed_tv,0.1630988745677397,0.0016843248234236874,0.1630988745677397,0.43376515000272775
