method,mae_mean,mae_std,mae_median,time_mean_sec
directed_tv,6.559503817773238e-06,,6.559503817773238e-06,0.4350122999967425
