method,mae_mean,mae_std,mae_median,time_mean_sec
heat_diffusion_temporal,0.6113240025129976,0.000449692892502814,0.6113240025129976,0.04694435000055819
