method,mae_mean,mae_std,mae_median,time_mean_sec
directed_tv,0.15462812125727077,0.001445212100447989,0.15462812125727077,0.4799877000004926
