method,mae_mean,mae_std,mae_median,time_mean_sec
heat_diffusion_temporal,1.8887442465667936e-05,,1.8887442465667936e-05,0.04667869999684626
