method,mae_mean,mae_std,mae_median,time_mean_sec
heat_diffusion_temporal,0.29872691564025833,0.0009023546180798188,0.29872691564025833,0.04812280000260216
