method,mae_mean,mae_std,mae_median,time_mean_sec
directed_tv,0.3696099022235999,0.0005016554434338468,0.3696099022235999,0.47361575000104494
