method,mae_mean,mae_std,mae_median,time_mean_sec
spherical_spline,5.88528046127718e-06,,5.88528046127718e-06,0.2621339000033913
