method,mae_mean,mae_std,mae_median,time_mean_sec
tv,4.059718704236304e-06,,4.059718704236304e-06,0.15087489999859827
