method,mae_mean,mae_std,mae_median,time_mean_sec
heat_diffusion_temporal,0.4134304322570993,0.002040086630681249,0.4134304322570993,0.05023425000399584
