method,mae_mean,mae_std,mae_median,time_mean_sec
wavelet_temporal,1.1546296018942104e-05,,1.1546296018942104e-05,0.0073772999967332
