method,mae_mean,mae_std,mae_median,time_mean_sec
spherical_spline,3.0454977127202724e-06,,3.0454977127202724e-06,0.19128669999918202
