method,mae_mean,mae_std,mae_median,time_mean_sec
directed_tv,1.526079488368833e-05,,1.526079488368833e-05,0.33090459999948507
