method,mae_mean,mae_std,mae_median,time_mean_sec
directed_tv,6.559699618084069e-06,,6.559699618084069e-06,0.3520818000033614
