dataset,graph,method,missing_ratio,seed,mae,rmse,snr,dtw,params,error,n_missing_ch,time_sec
synthetic_broad,vknng,directed_tv,0.1,0,0.15360620198079114,0.6516045989786976,3.885819036089554,4.465258940644989,{},,2,0.4848128999947221
synthetic_broad,vknng,directed_tv,0.1,1,0.1556500405337504,0.6488911646570095,4.092159859216486,4.3155070379592475,{},,2,0.47516250000626314
