method,mae_mean,mae_std,mae_median,time_mean_sec
directed_tv,0.3380688776111448,0.001533997026712667,0.3380688776111448,0.44224045000009937
