method,mae_mean,mae_std,mae_median,time_mean_sec
trss,9.855004391278824e-07,,9.855004391278824e-07,0.01763119999668561
