dataset,graph,method,missing_ratio,seed,mae,rmse,snr,dtw,params,error,n_missing_ch,time_sec
synthetic_broad,knn__k5,directed_tv,0.3,0,0.3699646261894711,0.7989264943729506,2.074759108382529,4.713627005835483,{},,7,0.4970303000009153
synthetic_broad,knn__k5,directed_tv,0.3,1,0.3692551782577287,0.7993350590025469,2.0583330167602405,4.58980945237126,{},,7,0.4502012000011746
