dataset,graph,method,missing_ratio,seed,mae,rmse,snr,dtw,params,error,n_missing_ch,time_sec
synthetic_beta,nnk,gsmooth,0.1,0,0.047421285790433795,0.23455109954832698,13.026526621680603,1.4403100033102232,{},,2,0.06189340000128141
synthetic_beta,nnk,gsmooth,0.1,1,0.046730837079372235,0.2309211436134806,13.209987844405095,1.2510876904676498,{},,2,0.06230719999439316
