method,mae_mean,mae_std,mae_median,time_mean_sec
heat_diffusion_temporal,0.47008403229838486,0.0016135816341377647,0.47008403229838486,0.04837324999971315
