method,mae_mean,mae_std,mae_median,time_mean_sec
directed_tv,0.31041028899619216,0.0023750423289702538,0.31041028899619216,0.42003829999885056
