method,mae_mean,mae_std,mae_median,time_mean_sec
heat_diffusion_temporal,2.959716267826145e-06,1.9280175897532518e-06,1.840631774475436e-06,0.04399865555428227
