method,mae_mean,mae_std,mae_median,time_mean_sec
directed_tv,0.363989745666651,0.002431899056321453,0.363989745666651,0.3938993500014476
