method,mae_mean,mae_std,mae_median,time_mean_sec
directed_tv,1.167453512095913e-05,,1.167453512095913e-05,0.43262289999984205
