method,mae_mean,mae_std,mae_median,time_mean_sec
heat_diffusion_temporal,2.836505766800515e-06,,2.836505766800515e-06,0.042823799994948786
