dataset,graph,method,missing_ratio,seed,mae,rmse,snr,dtw,params,error,n_missing_ch,time_sec
synthetic_broad,knng,directed_tv,0.1,0,0.16190787706337595,0.6880126800249906,3.413863376658638,4.738882454312095,{},,2,0.4315113000047859
synthetic_broad,knng,directed_tv,0.1,1,0.1642898720721034,0.6857464097271307,3.6094425060272335,4.5895179654937515,{},,2,0.4360190000006696
