method,mae_mean,mae_std,mae_median,time_mean_sec
trss,4.92473134909047e-06,,4.92473134909047e-06,0.02097930000309134
