method,mae_mean,mae_std,mae_median,time_mean_sec
tv,9.161633311359326e-06,,9.161633311359326e-06,0.15425500000128523
