method,mae_mean,mae_std,mae_median,time_mean_sec
directed_tv,1.2117576249591748e-06,5.083711528537184e-07,1.3976753005239567e-06,0.3874821833317886
