method,mae_mean,mae_std,mae_median,time_mean_sec
directed_tv,0.08181135172641177,0.0010179775844012654,0.08181135172641177,0.4613452999983565
