method,mae_mean,mae_std,mae_median,time_mean_sec
heat_diffusion_temporal,1.1659801044230245e-05,,1.1659801044230245e-05,0.04878379999718163
