method,mae_mean,mae_std,mae_median,time_mean_sec
heat_diffusion_temporal,9.383968274410565e-06,,9.383968274410565e-06,0.042300900000554975
