method,mae_mean,mae_std,mae_median,time_mean_sec
directed_tv,0.2899830787891135,0.002819041712085096,0.2899830787891135,0.44688749999841093
