method,mae_mean,mae_std,mae_median,time_mean_sec
heat_diffusion_temporal,0.4715033804862807,0.0019576360174039195,0.4715033804862807,0.048380049996922025
