method,mae_mean,mae_std,mae_median,time_mean_sec
directed_tv,3.286464115293802e-06,,3.286464115293802e-06,0.4417308999982197
