method,mae_mean,mae_std,mae_median,time_mean_sec
directed_tv,0.34763281038363725,0.002433235168013828,0.34763281038363725,0.3866216499991424
