method,mae_mean,mae_std,mae_median,time_mean_sec
directed_tv,1.1674344612074134e-05,,1.1674344612074134e-05,0.38943619999918155
