method,mae_mean,mae_std,mae_median,time_mean_sec
directed_tv,0.09224710015859991,0.0011445913507748995,0.09224710015859991,0.580355949998193
