method,mae_mean,mae_std,mae_median,time_mean_sec
heat_diffusion_temporal,6.062895423517784e-06,,6.062895423517784e-06,0.041014000002178364
