dataset,graph,method,missing_ratio,seed,mae,rmse,snr,dtw,params,error,n_missing_ch,time_sec
synthetic_broad,aew,heat_diffusion_temporal,0.2,0,0.2993649767097376,0.8542804363250485,1.7792085886413658,5.491250160789622,{},,5,0.047671899999841116
synthetic_broad,aew,heat_diffusion_temporal,0.2,1,0.2980888545707791,0.847340941177018,1.7873263444940066,5.627930602239612,{},,5,0.04857370000536321
