method,mae_mean,mae_std,mae_median,time_mean_sec
heat_diffusion_temporal,1.0581278904978266e-05,,1.0581278904978266e-05,0.04145499999867752
