method,mae_mean,mae_std,mae_median,time_mean_sec
trss,4.993603001743785e-06,6.66395400086026e-08,4.984770557518646e-06,0.021363499998794094
