method,mae_mean,mae_std,mae_median,time_mean_sec
directed_tv,1.5263791803689573e-05,,1.5263791803689573e-05,0.42009450000477955
