method,mae_mean,mae_std,mae_median,time_mean_sec
heat_diffusion_temporal,0.09109735274658715,0.004486111406164983,0.09109735274658715,0.07186695000200416
