method,mae_mean,mae_std,mae_median,time_mean_sec
trss,4.8690839764363626e-06,7.56796547605969e-08,4.8433669028943225e-06,0.01898596666675682
