method,mae_mean,mae_std,mae_median,time_mean_sec
tv,2.089192627322842e-06,,2.089192627322842e-06,0.1890851999996812
