method,mae_mean,mae_std,mae_median,time_mean_sec
directed_tv,0.4599494104362377,0.004185174889659075,0.4599494104362377,0.3953718000011577
