method,mae_mean,mae_std,mae_median,time_mean_sec
directed_tv,0.07603178594973425,0.0003142109152484951,0.07603178594973425,0.4489330499964126
