comparison,tv_median,instant_median,u_statistic,p_value,decision,gain_pct
TV_vs_Instant,7.857358918718281e-06,9.776099477500477e-06,9394.0,2.4926204056248555e-07,GO,19.626851825701486
