graph,method,mean_mae,median_mae,std_mae,count
aew__k4_sigma_corr0_5_sigma_dist1,gsmooth,0.16230027623293783,0.1635793981381955,0.07062321549860927,4
aew__k4_sigma_corr0_5_sigma_dist1,heat_diffusion_temporal,0.15846699678009107,0.1582989948043318,0.0711100950191486,4
aew__k4_sigma_corr0_5_sigma_dist1,linear,0.18528242142598914,0.18379770866826128,0.08583786869707354,4
aew__k4_sigma_corr0_5_sigma_dist1,mean,0.16273796628446022,0.1635576889283669,0.06994054697776611,4
aew__k4_sigma_corr0_5_sigma_dist1,nearest,0.20235748867650688,0.20429094630622086,0.0894165513069698,4
aew__k4_sigma_corr0_5_sigma_dist1,trss,0.1590803908767373,0.1600489035769237,0.07152060727252928,4
gaussian__sigma1,mean,0.16273796628446022,0.1635576889283669,0.06994054697776611,4
kalofolias,directed_tv,0.1588822016989738,0.15886222651037224,0.07057385042056062,4
